商品ID,商品規格ID,親規格組合わせID,規格組合わせID,親規格分類ID,規格分類ID,親規格分類名,規格分類名,メーカーID,メーカー名,商品名,表示ステータス(公開・非公開),メーカーURL(コメント1),コメント2,検索ワード(コメント3),コメント4,コメント5,コメント6,備考欄(SHOP専用),一覧-メインコメント,一覧-メイン画像,詳細-メインコメント,詳細-メイン画像,詳細-メイン拡大画像,詳細-サブタイトル(1),詳細-サブコメント(1),詳細-サブ画像(1),詳細-サブ拡大画像(1),詳細-サブタイトル(2),詳細-サブコメント(2),詳細-サブ画像(2),詳細-サブ拡大画像(2),詳細-サブタイトル(3),詳細-サブコメント(3),詳細-サブ画像(3),詳細-サブ拡大画像(3),詳細-サブタイトル(4),詳細-サブコメント(4),詳細-サブ画像(4),詳細-サブ拡大画像(4),詳細-サブタイトル(5),詳細-サブコメント(5),詳細-サブ画像(5),詳細-サブ拡大画像(5),発送日目安ID,削除フラグ,商品種別ID,商品コード,在庫数,在庫無制限フラグ,購入制限数,通常価格,販売価格,送料,ポイント付与率,ダウンロードファイル名,ダウンロード実ファイル,関連商品ID(1),関連商品コメント(1),関連商品ID(2),関連商品コメント(2),関連商品ID(3),関連商品コメント(3),関連商品ID(4),関連商品コメント(4),関連商品ID(5),関連商品コメント(5),関連商品ID(6),関連商品コメント(6),商品ステータス,商品ステータス名,カテゴリID,カテゴリ名
600095,,,,,,,,4,,日立 ルームエアコン 壁掛形 6畳程度 シングル XJシリーズ,1,,"RAS-XJ22E-W｜日立 ルームエアコン 壁掛形 6畳程度 シングル 単相100V ワイヤレス 室内電源 XJシリーズ｜販売価格:388,800｜「東京空調センター」では、ルームエアコンを驚きの価格でご提供いたします。日本全国送料無料です。",日立 ルームエアコン<br>壁掛形 6畳程度 シングル<br>単相100V ワイヤレス<br>室内電源 XJシリーズ,RAS-XJ22E-W,,,,"<img src=""http://www.tokyo-aircon.net/images/ind_aircon/ind-s100.png""><img src=""http://www.tokyo-aircon.net/images/ind_aircon/ind-wireless.png"">",hitachi_room/201506/ras-xj22e-w.jpg,"日立 ルームエアコン<br>壁掛形 6畳程度 シングル<br>単相100V ワイヤレス<br>室内電源 XJシリーズ<br /><img src=""http://www.tokyo-aircon.net/images/ind_aircon/ind-s1002.png""><img src=""http://www.tokyo-aircon.net/images/ind_aircon/ind-wireless2.png"">",hitachi_room/201506/ras-xj22e-w.jpg,,,"<ul class=""set_comment_list""><li><strong>※リモコンを含んだ金額になります</strong></li><li>※全国送料無料（一部地域を除く）</li><li>※メーカー1年保証付き</li></ul>",,hitachi_room/201506/sub/rac-xj22e.jpg,,,,hitachi_room/201506/sub/rar-6j2.jpg,,,,,,"<div class=""table_airconStd""><table><tbody><tr><th>室内機</th><td>RAS-XJ22E W x 1</td></tr><tr><th>室外機</th><td>RAC-XJ22E x 1</td></tr><tr><th>リモコン</th><td>RAR-6J2 x 1</td></tr></tbody></table></div>",,,,,,,2,0,1,RAS-XJ22E-W,,1,,388800,388800,,0,,,,,,,,,,,,,,,,,"301041,310003",
600096,,,,,,,,4,,日立 ルームエアコン 壁掛形 6畳程度 シングル XJシリーズ,1,,"RAS-XJ22E-C｜日立 ルームエアコン 壁掛形 6畳程度 シングル 単相100V ワイヤレス 室内電源 XJシリーズ｜販売価格:388,800｜「東京空調センター」では、ルームエアコンを驚きの価格でご提供いたします。日本全国送料無料です。",日立 ルームエアコン<br>壁掛形 6畳程度 シングル<br>単相100V ワイヤレス<br>室内電源 XJシリーズ,RAS-XJ22E-C,,,,"<img src=""http://www.tokyo-aircon.net/images/ind_aircon/ind-s100.png""><img src=""http://www.tokyo-aircon.net/images/ind_aircon/ind-wireless.png"">",hitachi_room/201506/ras-xj22e-c.jpg,"日立 ルームエアコン<br>壁掛形 6畳程度 シングル<br>単相100V ワイヤレス<br>室内電源 XJシリーズ<br /><img src=""http://www.tokyo-aircon.net/images/ind_aircon/ind-s1002.png""><img src=""http://www.tokyo-aircon.net/images/ind_aircon/ind-wireless2.png"">",hitachi_room/201506/ras-xj22e-c.jpg,,,"<ul class=""set_comment_list""><li><strong>※リモコンを含んだ金額になります</strong></li><li>※全国送料無料（一部地域を除く）</li><li>※メーカー1年保証付き</li></ul>",,hitachi_room/201506/sub/rac-xj22e.jpg,,,,hitachi_room/201506/sub/rar-6j2.jpg,,,,,,"<div class=""table_airconStd""><table><tbody><tr><th>室内機</th><td>RAS-XJ22E C x 1</td></tr><tr><th>室外機</th><td>RAC-XJ22E x 1</td></tr><tr><th>リモコン</th><td>RAR-6J2 x 1</td></tr></tbody></table></div>",,,,,,,2,0,1,RAS-XJ22E-C,,1,,388800,388800,,0,,,,,,,,,,,,,,,,,"301041,310003",
600097,,,,,,,,4,,日立 ルームエアコン 壁掛形 8畳程度 シングル XJシリーズ,1,,"RAS-XJ25E-W｜日立 ルームエアコン 壁掛形 8畳程度 シングル 単相100V ワイヤレス 室内電源 XJシリーズ｜販売価格:432,000｜「東京空調センター」では、ルームエアコンを驚きの価格でご提供いたします。日本全国送料無料です。",日立 ルームエアコン<br>壁掛形 8畳程度 シングル<br>単相100V ワイヤレス<br>室内電源 XJシリーズ,RAS-XJ25E-W,,,,"<img src=""http://www.tokyo-aircon.net/images/ind_aircon/ind-s100.png""><img src=""http://www.tokyo-aircon.net/images/ind_aircon/ind-wireless.png"">",hitachi_room/201506/ras-xj25e-w.jpg,"日立 ルームエアコン<br>壁掛形 8畳程度 シングル<br>単相100V ワイヤレス<br>室内電源 XJシリーズ<br /><img src=""http://www.tokyo-aircon.net/images/ind_aircon/ind-s1002.png""><img src=""http://www.tokyo-aircon.net/images/ind_aircon/ind-wireless2.png"">",hitachi_room/201506/ras-xj25e-w.jpg,,,"<ul class=""set_comment_list""><li><strong>※リモコンを含んだ金額になります</strong></li><li>※全国送料無料（一部地域を除く）</li><li>※メーカー1年保証付き</li></ul>",,hitachi_room/201506/sub/rac-xj25e.jpg,,,,hitachi_room/201506/sub/rar-6j2.jpg,,,,,,"<div class=""table_airconStd""><table><tbody><tr><th>室内機</th><td>RAS-XJ25E W x 1</td></tr><tr><th>室外機</th><td>RAC-XJ25E x 1</td></tr><tr><th>リモコン</th><td>RAR-6J2 x 1</td></tr></tbody></table></div>",,,,,,,2,0,1,RAS-XJ25E-W,,1,,432000,432000,,0,,,,,,,,,,,,,,,,,"301041,310004",
600098,,,,,,,,4,,日立 ルームエアコン 壁掛形 8畳程度 シングル XJシリーズ,1,,"RAS-XJ25E-C｜日立 ルームエアコン 壁掛形 8畳程度 シングル 単相100V ワイヤレス 室内電源 XJシリーズ｜販売価格:432,000｜「東京空調センター」では、ルームエアコンを驚きの価格でご提供いたします。日本全国送料無料です。",日立 ルームエアコン<br>壁掛形 8畳程度 シングル<br>単相100V ワイヤレス<br>室内電源 XJシリーズ,RAS-XJ25E-C,,,,"<img src=""http://www.tokyo-aircon.net/images/ind_aircon/ind-s100.png""><img src=""http://www.tokyo-aircon.net/images/ind_aircon/ind-wireless.png"">",hitachi_room/201506/ras-xj25e-c.jpg,"日立 ルームエアコン<br>壁掛形 8畳程度 シングル<br>単相100V ワイヤレス<br>室内電源 XJシリーズ<br /><img src=""http://www.tokyo-aircon.net/images/ind_aircon/ind-s1002.png""><img src=""http://www.tokyo-aircon.net/images/ind_aircon/ind-wireless2.png"">",hitachi_room/201506/ras-xj25e-c.jpg,,,"<ul class=""set_comment_list""><li><strong>※リモコンを含んだ金額になります</strong></li><li>※全国送料無料（一部地域を除く）</li><li>※メーカー1年保証付き</li></ul>",,hitachi_room/201506/sub/rac-xj25e.jpg,,,,hitachi_room/201506/sub/rar-6j2.jpg,,,,,,"<div class=""table_airconStd""><table><tbody><tr><th>室内機</th><td>RAS-XJ25E C x 1</td></tr><tr><th>室外機</th><td>RAC-XJ25E x 1</td></tr><tr><th>リモコン</th><td>RAR-6J2 x 1</td></tr></tbody></table></div>",,,,,,,2,0,1,RAS-XJ25E-C,,1,,432000,432000,,0,,,,,,,,,,,,,,,,,"301041,310004",
600099,,,,,,,,4,,日立 ルームエアコン 壁掛形 10畳程度 シングル XJシリーズ,1,,"RAS-XJ28E-W｜日立 ルームエアコン 壁掛形 10畳程度 シングル 単相100V ワイヤレス 室内電源 XJシリーズ｜販売価格:464,400｜「東京空調センター」では、ルームエアコンを驚きの価格でご提供いたします。日本全国送料無料です。",日立 ルームエアコン<br>壁掛形 10畳程度 シングル<br>単相100V ワイヤレス<br>室内電源 XJシリーズ,RAS-XJ28E-W,,,,"<img src=""http://www.tokyo-aircon.net/images/ind_aircon/ind-s100.png""><img src=""http://www.tokyo-aircon.net/images/ind_aircon/ind-wireless.png"">",hitachi_room/201506/ras-xj28e-w.jpg,"日立 ルームエアコン<br>壁掛形 10畳程度 シングル<br>単相100V ワイヤレス<br>室内電源 XJシリーズ<br /><img src=""http://www.tokyo-aircon.net/images/ind_aircon/ind-s1002.png""><img src=""http://www.tokyo-aircon.net/images/ind_aircon/ind-wireless2.png"">",hitachi_room/201506/ras-xj28e-w.jpg,,,"<ul class=""set_comment_list""><li><strong>※リモコンを含んだ金額になります</strong></li><li>※全国送料無料（一部地域を除く）</li><li>※メーカー1年保証付き</li></ul>",,hitachi_room/201506/sub/rac-xj28e.jpg,,,,hitachi_room/201506/sub/rar-6j2.jpg,,,,,,"<div class=""table_airconStd""><table><tbody><tr><th>室内機</th><td>RAS-XJ28E W x 1</td></tr><tr><th>室外機</th><td>RAC-XJ28E x 1</td></tr><tr><th>リモコン</th><td>RAR-6J2 x 1</td></tr></tbody></table></div>",,,,,,,2,0,1,RAS-XJ28E-W,,1,,464400,464400,,0,,,,,,,,,,,,,,,,,"301041,310005",
600100,,,,,,,,4,,日立 ルームエアコン 壁掛形 10畳程度 シングル XJシリーズ,1,,"RAS-XJ28E-C｜日立 ルームエアコン 壁掛形 10畳程度 シングル 単相100V ワイヤレス 室内電源 XJシリーズ｜販売価格:464,400｜「東京空調センター」では、ルームエアコンを驚きの価格でご提供いたします。日本全国送料無料です。",日立 ルームエアコン<br>壁掛形 10畳程度 シングル<br>単相100V ワイヤレス<br>室内電源 XJシリーズ,RAS-XJ28E-C,,,,"<img src=""http://www.tokyo-aircon.net/images/ind_aircon/ind-s100.png""><img src=""http://www.tokyo-aircon.net/images/ind_aircon/ind-wireless.png"">",hitachi_room/201506/ras-xj28e-c.jpg,"日立 ルームエアコン<br>壁掛形 10畳程度 シングル<br>単相100V ワイヤレス<br>室内電源 XJシリーズ<br /><img src=""http://www.tokyo-aircon.net/images/ind_aircon/ind-s1002.png""><img src=""http://www.tokyo-aircon.net/images/ind_aircon/ind-wireless2.png"">",hitachi_room/201506/ras-xj28e-c.jpg,,,"<ul class=""set_comment_list""><li><strong>※リモコンを含んだ金額になります</strong></li><li>※全国送料無料（一部地域を除く）</li><li>※メーカー1年保証付き</li></ul>",,hitachi_room/201506/sub/rac-xj28e.jpg,,,,hitachi_room/201506/sub/rar-6j2.jpg,,,,,,"<div class=""table_airconStd""><table><tbody><tr><th>室内機</th><td>RAS-XJ28E C x 1</td></tr><tr><th>室外機</th><td>RAC-XJ28E x 1</td></tr><tr><th>リモコン</th><td>RAR-6J2 x 1</td></tr></tbody></table></div>",,,,,,,2,0,1,RAS-XJ28E-C,,1,,464400,464400,,0,,,,,,,,,,,,,,,,,"301041,310005",
600101,,,,,,,,4,,日立 ルームエアコン 壁掛形 12畳程度 シングル XJシリーズ,1,,"RAS-XJ36E-W｜日立 ルームエアコン 壁掛形 12畳程度 シングル 単相100V ワイヤレス 室内電源 XJシリーズ｜販売価格:496,800｜「東京空調センター」では、ルームエアコンを驚きの価格でご提供いたします。日本全国送料無料です。",日立 ルームエアコン<br>壁掛形 12畳程度 シングル<br>単相100V ワイヤレス<br>室内電源 XJシリーズ,RAS-XJ36E-W,,,,"<img src=""http://www.tokyo-aircon.net/images/ind_aircon/ind-s100.png""><img src=""http://www.tokyo-aircon.net/images/ind_aircon/ind-wireless.png"">",hitachi_room/201506/ras-xj36e-w.jpg,"日立 ルームエアコン<br>壁掛形 12畳程度 シングル<br>単相100V ワイヤレス<br>室内電源 XJシリーズ<br /><img src=""http://www.tokyo-aircon.net/images/ind_aircon/ind-s1002.png""><img src=""http://www.tokyo-aircon.net/images/ind_aircon/ind-wireless2.png"">",hitachi_room/201506/ras-xj36e-w.jpg,,,"<ul class=""set_comment_list""><li><strong>※リモコンを含んだ金額になります</strong></li><li>※全国送料無料（一部地域を除く）</li><li>※メーカー1年保証付き</li></ul>",,hitachi_room/201506/sub/rac-xj36e.jpg,,,,hitachi_room/201506/sub/rar-6j2.jpg,,,,,,"<div class=""table_airconStd""><table><tbody><tr><th>室内機</th><td>RAS-XJ36E W x 1</td></tr><tr><th>室外機</th><td>RAC-XJ36E x 1</td></tr><tr><th>リモコン</th><td>RAR-6J2 x 1</td></tr></tbody></table></div>",,,,,,,2,0,1,RAS-XJ36E-W,,1,,496800,496800,,0,,,,,,,,,,,,,,,,,"301041,310006",
600102,,,,,,,,4,,日立 ルームエアコン 壁掛形 12畳程度 シングル XJシリーズ,1,,"RAS-XJ36E-C｜日立 ルームエアコン 壁掛形 12畳程度 シングル 単相100V ワイヤレス 室内電源 XJシリーズ｜販売価格:496,800｜「東京空調センター」では、ルームエアコンを驚きの価格でご提供いたします。日本全国送料無料です。",日立 ルームエアコン<br>壁掛形 12畳程度 シングル<br>単相100V ワイヤレス<br>室内電源 XJシリーズ,RAS-XJ36E-C,,,,"<img src=""http://www.tokyo-aircon.net/images/ind_aircon/ind-s100.png""><img src=""http://www.tokyo-aircon.net/images/ind_aircon/ind-wireless.png"">",hitachi_room/201506/ras-xj36e-c.jpg,"日立 ルームエアコン<br>壁掛形 12畳程度 シングル<br>単相100V ワイヤレス<br>室内電源 XJシリーズ<br /><img src=""http://www.tokyo-aircon.net/images/ind_aircon/ind-s1002.png""><img src=""http://www.tokyo-aircon.net/images/ind_aircon/ind-wireless2.png"">",hitachi_room/201506/ras-xj36e-c.jpg,,,"<ul class=""set_comment_list""><li><strong>※リモコンを含んだ金額になります</strong></li><li>※全国送料無料（一部地域を除く）</li><li>※メーカー1年保証付き</li></ul>",,hitachi_room/201506/sub/rac-xj36e.jpg,,,,hitachi_room/201506/sub/rar-6j2.jpg,,,,,,"<div class=""table_airconStd""><table><tbody><tr><th>室内機</th><td>RAS-XJ36E C x 1</td></tr><tr><th>室外機</th><td>RAC-XJ36E x 1</td></tr><tr><th>リモコン</th><td>RAR-6J2 x 1</td></tr></tbody></table></div>",,,,,,,2,0,1,RAS-XJ36E-C,,1,,496800,496800,,0,,,,,,,,,,,,,,,,,"301041,310006",
600103,,,,,,,,4,,日立 ルームエアコン 壁掛形 14畳程度 シングル XJシリーズ,1,,"RAS-XJ40E2-W｜日立 ルームエアコン 壁掛形 14畳程度 シングル 単相200V ワイヤレス 室内電源 XJシリーズ｜販売価格:529,200｜「東京空調センター」では、ルームエアコンを驚きの価格でご提供いたします。日本全国送料無料です。",日立 ルームエアコン<br>壁掛形 14畳程度 シングル<br>単相200V ワイヤレス<br>室内電源 XJシリーズ,RAS-XJ40E2-W,,,,"<img src=""http://www.tokyo-aircon.net/images/ind_aircon/ind-t200.png""><img src=""http://www.tokyo-aircon.net/images/ind_aircon/ind-wireless.png"">",hitachi_room/201506/ras-xj40e2-w.jpg,"日立 ルームエアコン<br>壁掛形 14畳程度 シングル<br>単相200V ワイヤレス<br>室内電源 XJシリーズ<br /><img src=""http://www.tokyo-aircon.net/images/ind_aircon/ind-t2002.png""><img src=""http://www.tokyo-aircon.net/images/ind_aircon/ind-wireless2.png"">",hitachi_room/201506/ras-xj40e2-w.jpg,,,"<ul class=""set_comment_list""><li><strong>※リモコンを含んだ金額になります</strong></li><li>※全国送料無料（一部地域を除く）</li><li>※メーカー1年保証付き</li></ul>",,hitachi_room/201506/sub/rac-xj40e2.jpg,,,,hitachi_room/201506/sub/rar-6j1.jpg,,,,,,"<div class=""table_airconStd""><table><tbody><tr><th>室内機</th><td>RAS-XJ40E2 W x 1</td></tr><tr><th>室外機</th><td>RAC-XJ40E2 x 1</td></tr><tr><th>リモコン</th><td>RAR-6J1 x 1</td></tr></tbody></table></div>",,,,,,,2,0,1,RAS-XJ40E2-W,,1,,529200,529200,,0,,,,,,,,,,,,,,,,,"301041,310007",
600104,,,,,,,,4,,日立 ルームエアコン 壁掛形 14畳程度 シングル XJシリーズ,1,,"RAS-XJ40E2-C｜日立 ルームエアコン 壁掛形 14畳程度 シングル 単相200V ワイヤレス 室内電源 XJシリーズ｜販売価格:529,200｜「東京空調センター」では、ルームエアコンを驚きの価格でご提供いたします。日本全国送料無料です。",日立 ルームエアコン<br>壁掛形 14畳程度 シングル<br>単相200V ワイヤレス<br>室内電源 XJシリーズ,RAS-XJ40E2-C,,,,"<img src=""http://www.tokyo-aircon.net/images/ind_aircon/ind-t200.png""><img src=""http://www.tokyo-aircon.net/images/ind_aircon/ind-wireless.png"">",hitachi_room/201506/ras-xj40e2-c.jpg,"日立 ルームエアコン<br>壁掛形 14畳程度 シングル<br>単相200V ワイヤレス<br>室内電源 XJシリーズ<br /><img src=""http://www.tokyo-aircon.net/images/ind_aircon/ind-t2002.png""><img src=""http://www.tokyo-aircon.net/images/ind_aircon/ind-wireless2.png"">",hitachi_room/201506/ras-xj40e2-c.jpg,,,"<ul class=""set_comment_list""><li><strong>※リモコンを含んだ金額になります</strong></li><li>※全国送料無料（一部地域を除く）</li><li>※メーカー1年保証付き</li></ul>",,hitachi_room/201506/sub/rac-xj40e2.jpg,,,,hitachi_room/201506/sub/rar-6j1.jpg,,,,,,"<div class=""table_airconStd""><table><tbody><tr><th>室内機</th><td>RAS-XJ40E2 C x 1</td></tr><tr><th>室外機</th><td>RAC-XJ40E2 x 1</td></tr><tr><th>リモコン</th><td>RAR-6J1 x 1</td></tr></tbody></table></div>",,,,,,,2,0,1,RAS-XJ40E2-C,,1,,529200,529200,,0,,,,,,,,,,,,,,,,,"301041,310007",
600105,,,,,,,,4,,日立 ルームエアコン 壁掛形 18畳程度 シングル XJシリーズ,1,,"RAS-XJ56E2-W｜日立 ルームエアコン 壁掛形 18畳程度 シングル 単相200V ワイヤレス 室内電源 XJシリーズ｜販売価格:594,000｜「東京空調センター」では、ルームエアコンを驚きの価格でご提供いたします。日本全国送料無料です。",日立 ルームエアコン<br>壁掛形 18畳程度 シングル<br>単相200V ワイヤレス<br>室内電源 XJシリーズ,RAS-XJ56E2-W,,,,"<img src=""http://www.tokyo-aircon.net/images/ind_aircon/ind-t200.png""><img src=""http://www.tokyo-aircon.net/images/ind_aircon/ind-wireless.png"">",hitachi_room/201506/ras-xj56e2-w.jpg,"日立 ルームエアコン<br>壁掛形 18畳程度 シングル<br>単相200V ワイヤレス<br>室内電源 XJシリーズ<br /><img src=""http://www.tokyo-aircon.net/images/ind_aircon/ind-t2002.png""><img src=""http://www.tokyo-aircon.net/images/ind_aircon/ind-wireless2.png"">",hitachi_room/201506/ras-xj56e2-w.jpg,,,"<ul class=""set_comment_list""><li><strong>※リモコンを含んだ金額になります</strong></li><li>※全国送料無料（一部地域を除く）</li><li>※メーカー1年保証付き</li></ul>",,hitachi_room/201506/sub/rac-xj56e2.jpg,,,,hitachi_room/201506/sub/rar-6j1.jpg,,,,,,"<div class=""table_airconStd""><table><tbody><tr><th>室内機</th><td>RAS-XJ56E2 W x 1</td></tr><tr><th>室外機</th><td>RAC-XJ56E2 x 1</td></tr><tr><th>リモコン</th><td>RAR-6J1 x 1</td></tr></tbody></table></div>",,,,,,,2,0,1,RAS-XJ56E2-W,,1,,594000,594000,,0,,,,,,,,,,,,,,,,,"301041,310014",
600106,,,,,,,,4,,日立 ルームエアコン 壁掛形 18畳程度 シングル XJシリーズ,1,,"RAS-XJ56E2-C｜日立 ルームエアコン 壁掛形 18畳程度 シングル 単相200V ワイヤレス 室内電源 XJシリーズ｜販売価格:594,000｜「東京空調センター」では、ルームエアコンを驚きの価格でご提供いたします。日本全国送料無料です。",日立 ルームエアコン<br>壁掛形 18畳程度 シングル<br>単相200V ワイヤレス<br>室内電源 XJシリーズ,RAS-XJ56E2-C,,,,"<img src=""http://www.tokyo-aircon.net/images/ind_aircon/ind-t200.png""><img src=""http://www.tokyo-aircon.net/images/ind_aircon/ind-wireless.png"">",hitachi_room/201506/ras-xj56e2-c.jpg,"日立 ルームエアコン<br>壁掛形 18畳程度 シングル<br>単相200V ワイヤレス<br>室内電源 XJシリーズ<br /><img src=""http://www.tokyo-aircon.net/images/ind_aircon/ind-t2002.png""><img src=""http://www.tokyo-aircon.net/images/ind_aircon/ind-wireless2.png"">",hitachi_room/201506/ras-xj56e2-c.jpg,,,"<ul class=""set_comment_list""><li><strong>※リモコンを含んだ金額になります</strong></li><li>※全国送料無料（一部地域を除く）</li><li>※メーカー1年保証付き</li></ul>",,hitachi_room/201506/sub/rac-xj56e2.jpg,,,,hitachi_room/201506/sub/rar-6j1.jpg,,,,,,"<div class=""table_airconStd""><table><tbody><tr><th>室内機</th><td>RAS-XJ56E2 C x 1</td></tr><tr><th>室外機</th><td>RAC-XJ56E2 x 1</td></tr><tr><th>リモコン</th><td>RAR-6J1 x 1</td></tr></tbody></table></div>",,,,,,,2,0,1,RAS-XJ56E2-C,,1,,594000,594000,,0,,,,,,,,,,,,,,,,,"301041,310014",
600107,,,,,,,,4,,日立 ルームエアコン 壁掛形 20畳程度 シングル XJシリーズ,1,,"RAS-XJ63E2-W｜日立 ルームエアコン 壁掛形 20畳程度 シングル 単相200V ワイヤレス 室内電源 XJシリーズ｜販売価格:637,200｜「東京空調センター」では、ルームエアコンを驚きの価格でご提供いたします。日本全国送料無料です。",日立 ルームエアコン<br>壁掛形 20畳程度 シングル<br>単相200V ワイヤレス<br>室内電源 XJシリーズ,RAS-XJ63E2-W,,,,"<img src=""http://www.tokyo-aircon.net/images/ind_aircon/ind-t200.png""><img src=""http://www.tokyo-aircon.net/images/ind_aircon/ind-wireless.png"">",hitachi_room/201506/ras-xj63e2-w.jpg,"日立 ルームエアコン<br>壁掛形 20畳程度 シングル<br>単相200V ワイヤレス<br>室内電源 XJシリーズ<br /><img src=""http://www.tokyo-aircon.net/images/ind_aircon/ind-t2002.png""><img src=""http://www.tokyo-aircon.net/images/ind_aircon/ind-wireless2.png"">",hitachi_room/201506/ras-xj63e2-w.jpg,,,"<ul class=""set_comment_list""><li><strong>※リモコンを含んだ金額になります</strong></li><li>※全国送料無料（一部地域を除く）</li><li>※メーカー1年保証付き</li></ul>",,hitachi_room/201506/sub/rac-xj63e2.jpg,,,,hitachi_room/201506/sub/rar-6j1.jpg,,,,,,"<div class=""table_airconStd""><table><tbody><tr><th>室内機</th><td>RAS-XJ63E2 W x 1</td></tr><tr><th>室外機</th><td>RAC-XJ63E2 x 1</td></tr><tr><th>リモコン</th><td>RAR-6J1 x 1</td></tr></tbody></table></div>",,,,,,,2,0,1,RAS-XJ63E2-W,,1,,637200,637200,,0,,,,,,,,,,,,,,,,,"301041,310016",
600108,,,,,,,,4,,日立 ルームエアコン 壁掛形 20畳程度 シングル XJシリーズ,1,,"RAS-XJ63E2-C｜日立 ルームエアコン 壁掛形 20畳程度 シングル 単相200V ワイヤレス 室内電源 XJシリーズ｜販売価格:637,200｜「東京空調センター」では、ルームエアコンを驚きの価格でご提供いたします。日本全国送料無料です。",日立 ルームエアコン<br>壁掛形 20畳程度 シングル<br>単相200V ワイヤレス<br>室内電源 XJシリーズ,RAS-XJ63E2-C,,,,"<img src=""http://www.tokyo-aircon.net/images/ind_aircon/ind-t200.png""><img src=""http://www.tokyo-aircon.net/images/ind_aircon/ind-wireless.png"">",hitachi_room/201506/ras-xj63e2-c.jpg,"日立 ルームエアコン<br>壁掛形 20畳程度 シングル<br>単相200V ワイヤレス<br>室内電源 XJシリーズ<br /><img src=""http://www.tokyo-aircon.net/images/ind_aircon/ind-t2002.png""><img src=""http://www.tokyo-aircon.net/images/ind_aircon/ind-wireless2.png"">",hitachi_room/201506/ras-xj63e2-c.jpg,,,"<ul class=""set_comment_list""><li><strong>※リモコンを含んだ金額になります</strong></li><li>※全国送料無料（一部地域を除く）</li><li>※メーカー1年保証付き</li></ul>",,hitachi_room/201506/sub/rac-xj63e2.jpg,,,,hitachi_room/201506/sub/rar-6j1.jpg,,,,,,"<div class=""table_airconStd""><table><tbody><tr><th>室内機</th><td>RAS-XJ63E2 C x 1</td></tr><tr><th>室外機</th><td>RAC-XJ63E2 x 1</td></tr><tr><th>リモコン</th><td>RAR-6J1 x 1</td></tr></tbody></table></div>",,,,,,,2,0,1,RAS-XJ63E2-C,,1,,637200,637200,,0,,,,,,,,,,,,,,,,,"301041,310016",
600109,,,,,,,,4,,日立 ルームエアコン 壁掛形 23畳程度 シングル XJシリーズ,1,,"RAS-XJ71E2-W｜日立 ルームエアコン 壁掛形 23畳程度 シングル 単相200V ワイヤレス 室内電源 XJシリーズ｜販売価格:680,400｜「東京空調センター」では、ルームエアコンを驚きの価格でご提供いたします。日本全国送料無料です。",日立 ルームエアコン<br>壁掛形 23畳程度 シングル<br>単相200V ワイヤレス<br>室内電源 XJシリーズ,RAS-XJ71E2-W,,,,"<img src=""http://www.tokyo-aircon.net/images/ind_aircon/ind-t200.png""><img src=""http://www.tokyo-aircon.net/images/ind_aircon/ind-wireless.png"">",hitachi_room/201506/ras-xj71e2-w.jpg,"日立 ルームエアコン<br>壁掛形 23畳程度 シングル<br>単相200V ワイヤレス<br>室内電源 XJシリーズ<br /><img src=""http://www.tokyo-aircon.net/images/ind_aircon/ind-t2002.png""><img src=""http://www.tokyo-aircon.net/images/ind_aircon/ind-wireless2.png"">",hitachi_room/201506/ras-xj71e2-w.jpg,,,"<ul class=""set_comment_list""><li><strong>※リモコンを含んだ金額になります</strong></li><li>※全国送料無料（一部地域を除く）</li><li>※メーカー1年保証付き</li></ul>",,hitachi_room/201506/sub/rac-xj71e2.jpg,,,,hitachi_room/201506/sub/rar-6j1.jpg,,,,,,"<div class=""table_airconStd""><table><tbody><tr><th>室内機</th><td>RAS-XJ71E2 W x 1</td></tr><tr><th>室外機</th><td>RAC-XJ71E2 x 1</td></tr><tr><th>リモコン</th><td>RAR-6J1 x 1</td></tr></tbody></table></div>",,,,,,,2,0,1,RAS-XJ71E2-W,,1,,680400,680400,,0,,,,,,,,,,,,,,,,,"301041,310018",
600110,,,,,,,,4,,日立 ルームエアコン 壁掛形 23畳程度 シングル XJシリーズ,1,,"RAS-XJ71E2-C｜日立 ルームエアコン 壁掛形 23畳程度 シングル 単相200V ワイヤレス 室内電源 XJシリーズ｜販売価格:680,400｜「東京空調センター」では、ルームエアコンを驚きの価格でご提供いたします。日本全国送料無料です。",日立 ルームエアコン<br>壁掛形 23畳程度 シングル<br>単相200V ワイヤレス<br>室内電源 XJシリーズ,RAS-XJ71E2-C,,,,"<img src=""http://www.tokyo-aircon.net/images/ind_aircon/ind-t200.png""><img src=""http://www.tokyo-aircon.net/images/ind_aircon/ind-wireless.png"">",hitachi_room/201506/ras-xj71e2-c.jpg,"日立 ルームエアコン<br>壁掛形 23畳程度 シングル<br>単相200V ワイヤレス<br>室内電源 XJシリーズ<br /><img src=""http://www.tokyo-aircon.net/images/ind_aircon/ind-t2002.png""><img src=""http://www.tokyo-aircon.net/images/ind_aircon/ind-wireless2.png"">",hitachi_room/201506/ras-xj71e2-c.jpg,,,"<ul class=""set_comment_list""><li><strong>※リモコンを含んだ金額になります</strong></li><li>※全国送料無料（一部地域を除く）</li><li>※メーカー1年保証付き</li></ul>",,hitachi_room/201506/sub/rac-xj71e2.jpg,,,,hitachi_room/201506/sub/rar-6j1.jpg,,,,,,"<div class=""table_airconStd""><table><tbody><tr><th>室内機</th><td>RAS-XJ71E2 C x 1</td></tr><tr><th>室外機</th><td>RAC-XJ71E2 x 1</td></tr><tr><th>リモコン</th><td>RAR-6J1 x 1</td></tr></tbody></table></div>",,,,,,,2,0,1,RAS-XJ71E2-C,,1,,680400,680400,,0,,,,,,,,,,,,,,,,,"301041,310018",
600111,,,,,,,,4,,日立 ルームエアコン 壁掛形 26畳程度 シングル XJシリーズ,1,,"RAS-XJ80E2-W｜日立 ルームエアコン 壁掛形 26畳程度 シングル 単相200V ワイヤレス 室内電源 XJシリーズ｜販売価格:723,600｜「東京空調センター」では、ルームエアコンを驚きの価格でご提供いたします。日本全国送料無料です。",日立 ルームエアコン<br>壁掛形 26畳程度 シングル<br>単相200V ワイヤレス<br>室内電源 XJシリーズ,RAS-XJ80E2-W,,,,"<img src=""http://www.tokyo-aircon.net/images/ind_aircon/ind-t200.png""><img src=""http://www.tokyo-aircon.net/images/ind_aircon/ind-wireless.png"">",hitachi_room/201506/ras-xj80e2-w.jpg,"日立 ルームエアコン<br>壁掛形 26畳程度 シングル<br>単相200V ワイヤレス<br>室内電源 XJシリーズ<br /><img src=""http://www.tokyo-aircon.net/images/ind_aircon/ind-t2002.png""><img src=""http://www.tokyo-aircon.net/images/ind_aircon/ind-wireless2.png"">",hitachi_room/201506/ras-xj80e2-w.jpg,,,"<ul class=""set_comment_list""><li><strong>※リモコンを含んだ金額になります</strong></li><li>※全国送料無料（一部地域を除く）</li><li>※メーカー1年保証付き</li></ul>",,hitachi_room/201506/sub/rac-xj80e2.jpg,,,,hitachi_room/201506/sub/rar-6j1.jpg,,,,,,"<div class=""table_airconStd""><table><tbody><tr><th>室内機</th><td>RAS-XJ80E2 W x 1</td></tr><tr><th>室外機</th><td>RAC-XJ80E2 x 1</td></tr><tr><th>リモコン</th><td>RAR-6J1 x 1</td></tr></tbody></table></div>",,,,,,,2,0,1,RAS-XJ80E2-W,,1,,723600,723600,,0,,,,,,,,,,,,,,,,,"301041,310020",
600112,,,,,,,,4,,日立 ルームエアコン 壁掛形 26畳程度 シングル XJシリーズ,1,,"RAS-XJ80E2-C｜日立 ルームエアコン 壁掛形 26畳程度 シングル 単相200V ワイヤレス 室内電源 XJシリーズ｜販売価格:723,600｜「東京空調センター」では、ルームエアコンを驚きの価格でご提供いたします。日本全国送料無料です。",日立 ルームエアコン<br>壁掛形 26畳程度 シングル<br>単相200V ワイヤレス<br>室内電源 XJシリーズ,RAS-XJ80E2-C,,,,"<img src=""http://www.tokyo-aircon.net/images/ind_aircon/ind-t200.png""><img src=""http://www.tokyo-aircon.net/images/ind_aircon/ind-wireless.png"">",hitachi_room/201506/ras-xj80e2-c.jpg,"日立 ルームエアコン<br>壁掛形 26畳程度 シングル<br>単相200V ワイヤレス<br>室内電源 XJシリーズ<br /><img src=""http://www.tokyo-aircon.net/images/ind_aircon/ind-t2002.png""><img src=""http://www.tokyo-aircon.net/images/ind_aircon/ind-wireless2.png"">",hitachi_room/201506/ras-xj80e2-c.jpg,,,"<ul class=""set_comment_list""><li><strong>※リモコンを含んだ金額になります</strong></li><li>※全国送料無料（一部地域を除く）</li><li>※メーカー1年保証付き</li></ul>",,hitachi_room/201506/sub/rac-xj80e2.jpg,,,,hitachi_room/201506/sub/rar-6j1.jpg,,,,,,"<div class=""table_airconStd""><table><tbody><tr><th>室内機</th><td>RAS-XJ80E2 C x 1</td></tr><tr><th>室外機</th><td>RAC-XJ80E2 x 1</td></tr><tr><th>リモコン</th><td>RAR-6J1 x 1</td></tr></tbody></table></div>",,,,,,,2,0,1,RAS-XJ80E2-C,,1,,723600,723600,,0,,,,,,,,,,,,,,,,,"301041,310020",
600113,,,,,,,,4,,日立 ルームエアコン 壁掛形 6畳程度 シングル ZJシリーズ,1,,"RAS-ZJ22E-W｜日立 ルームエアコン 壁掛形 6畳程度 シングル 単相100V ワイヤレス 室内電源 ZJシリーズ｜販売価格:356,400｜「東京空調センター」では、ルームエアコンを驚きの価格でご提供いたします。日本全国送料無料です。",日立 ルームエアコン<br>壁掛形 6畳程度 シングル<br>単相100V ワイヤレス<br>室内電源 ZJシリーズ,RAS-ZJ22E-W,,,,"<img src=""http://www.tokyo-aircon.net/images/ind_aircon/ind-s100.png""><img src=""http://www.tokyo-aircon.net/images/ind_aircon/ind-wireless.png"">",hitachi_room/201506/ras-zj22e-w.jpg,"日立 ルームエアコン<br>壁掛形 6畳程度 シングル<br>単相100V ワイヤレス<br>室内電源 ZJシリーズ<br /><img src=""http://www.tokyo-aircon.net/images/ind_aircon/ind-s1002.png""><img src=""http://www.tokyo-aircon.net/images/ind_aircon/ind-wireless2.png"">",hitachi_room/201506/ras-zj22e-w.jpg,,,"<ul class=""set_comment_list""><li><strong>※リモコンを含んだ金額になります</strong></li><li>※全国送料無料（一部地域を除く）</li><li>※メーカー1年保証付き</li></ul>",,hitachi_room/201506/sub/rac-zj22e.jpg,,,,hitachi_room/201506/sub/rar-6j4.jpg,,,,,,"<div class=""table_airconStd""><table><tbody><tr><th>室内機</th><td>RAS-ZJ22E W x 1</td></tr><tr><th>室外機</th><td>RAC-ZJ22E x 1</td></tr><tr><th>リモコン</th><td>RAR-6J4 x 1</td></tr></tbody></table></div>",,,,,,,2,0,1,RAS-ZJ22E-W,,1,,356400,356400,,0,,,,,,,,,,,,,,,,,"301041,310003",
600114,,,,,,,,4,,日立 ルームエアコン 壁掛形 8畳程度 シングル ZJシリーズ,1,,"RAS-ZJ25E-W｜日立 ルームエアコン 壁掛形 8畳程度 シングル 単相100V ワイヤレス 室内電源 ZJシリーズ｜販売価格:399,600｜「東京空調センター」では、ルームエアコンを驚きの価格でご提供いたします。日本全国送料無料です。",日立 ルームエアコン<br>壁掛形 8畳程度 シングル<br>単相100V ワイヤレス<br>室内電源 ZJシリーズ,RAS-ZJ25E-W,,,,"<img src=""http://www.tokyo-aircon.net/images/ind_aircon/ind-s100.png""><img src=""http://www.tokyo-aircon.net/images/ind_aircon/ind-wireless.png"">",hitachi_room/201506/ras-zj25e-w.jpg,"日立 ルームエアコン<br>壁掛形 8畳程度 シングル<br>単相100V ワイヤレス<br>室内電源 ZJシリーズ<br /><img src=""http://www.tokyo-aircon.net/images/ind_aircon/ind-s1002.png""><img src=""http://www.tokyo-aircon.net/images/ind_aircon/ind-wireless2.png"">",hitachi_room/201506/ras-zj25e-w.jpg,,,"<ul class=""set_comment_list""><li><strong>※リモコンを含んだ金額になります</strong></li><li>※全国送料無料（一部地域を除く）</li><li>※メーカー1年保証付き</li></ul>",,hitachi_room/201506/sub/rac-zj25e.jpg,,,,hitachi_room/201506/sub/rar-6j4.jpg,,,,,,"<div class=""table_airconStd""><table><tbody><tr><th>室内機</th><td>RAS-ZJ25E W x 1</td></tr><tr><th>室外機</th><td>RAC-ZJ25E x 1</td></tr><tr><th>リモコン</th><td>RAR-6J4 x 1</td></tr></tbody></table></div>",,,,,,,2,0,1,RAS-ZJ25E-W,,1,,399600,399600,,0,,,,,,,,,,,,,,,,,"301041,310004",
600115,,,,,,,,4,,日立 ルームエアコン 壁掛形 10畳程度 シングル ZJシリーズ,1,,"RAS-ZJ28E-W｜日立 ルームエアコン 壁掛形 10畳程度 シングル 単相100V ワイヤレス 室内電源 ZJシリーズ｜販売価格:432,000｜「東京空調センター」では、ルームエアコンを驚きの価格でご提供いたします。日本全国送料無料です。",日立 ルームエアコン<br>壁掛形 10畳程度 シングル<br>単相100V ワイヤレス<br>室内電源 ZJシリーズ,RAS-ZJ28E-W,,,,"<img src=""http://www.tokyo-aircon.net/images/ind_aircon/ind-s100.png""><img src=""http://www.tokyo-aircon.net/images/ind_aircon/ind-wireless.png"">",hitachi_room/201506/ras-zj28e-w.jpg,"日立 ルームエアコン<br>壁掛形 10畳程度 シングル<br>単相100V ワイヤレス<br>室内電源 ZJシリーズ<br /><img src=""http://www.tokyo-aircon.net/images/ind_aircon/ind-s1002.png""><img src=""http://www.tokyo-aircon.net/images/ind_aircon/ind-wireless2.png"">",hitachi_room/201506/ras-zj28e-w.jpg,,,"<ul class=""set_comment_list""><li><strong>※リモコンを含んだ金額になります</strong></li><li>※全国送料無料（一部地域を除く）</li><li>※メーカー1年保証付き</li></ul>",,hitachi_room/201506/sub/rac-zj28e.jpg,,,,hitachi_room/201506/sub/rar-6j4.jpg,,,,,,"<div class=""table_airconStd""><table><tbody><tr><th>室内機</th><td>RAS-ZJ28E W x 1</td></tr><tr><th>室外機</th><td>RAC-ZJ28E x 1</td></tr><tr><th>リモコン</th><td>RAR-6J4 x 1</td></tr></tbody></table></div>",,,,,,,2,0,1,RAS-ZJ28E-W,,1,,432000,432000,,0,,,,,,,,,,,,,,,,,"301041,310005",
600116,,,,,,,,4,,日立 ルームエアコン 壁掛形 12畳程度 シングル ZJシリーズ,1,,"RAS-ZJ36E-W｜日立 ルームエアコン 壁掛形 12畳程度 シングル 単相100V ワイヤレス 室内電源 ZJシリーズ｜販売価格:464,400｜「東京空調センター」では、ルームエアコンを驚きの価格でご提供いたします。日本全国送料無料です。",日立 ルームエアコン<br>壁掛形 12畳程度 シングル<br>単相100V ワイヤレス<br>室内電源 ZJシリーズ,RAS-ZJ36E-W,,,,"<img src=""http://www.tokyo-aircon.net/images/ind_aircon/ind-s100.png""><img src=""http://www.tokyo-aircon.net/images/ind_aircon/ind-wireless.png"">",hitachi_room/201506/ras-zj36e-w.jpg,"日立 ルームエアコン<br>壁掛形 12畳程度 シングル<br>単相100V ワイヤレス<br>室内電源 ZJシリーズ<br /><img src=""http://www.tokyo-aircon.net/images/ind_aircon/ind-s1002.png""><img src=""http://www.tokyo-aircon.net/images/ind_aircon/ind-wireless2.png"">",hitachi_room/201506/ras-zj36e-w.jpg,,,"<ul class=""set_comment_list""><li><strong>※リモコンを含んだ金額になります</strong></li><li>※全国送料無料（一部地域を除く）</li><li>※メーカー1年保証付き</li></ul>",,hitachi_room/201506/sub/rac-zj36e.jpg,,,,hitachi_room/201506/sub/rar-6j4.jpg,,,,,,"<div class=""table_airconStd""><table><tbody><tr><th>室内機</th><td>RAS-ZJ36E W x 1</td></tr><tr><th>室外機</th><td>RAC-ZJ36E x 1</td></tr><tr><th>リモコン</th><td>RAR-6J4 x 1</td></tr></tbody></table></div>",,,,,,,2,0,1,RAS-ZJ36E-W,,1,,464400,464400,,0,,,,,,,,,,,,,,,,,"301041,310006",
600117,,,,,,,,4,,日立 ルームエアコン 壁掛形 14畳程度 シングル ZJシリーズ,1,,"RAS-ZJ40E2-W｜日立 ルームエアコン 壁掛形 14畳程度 シングル 単相200V ワイヤレス 室内電源 ZJシリーズ｜販売価格:496,800｜「東京空調センター」では、ルームエアコンを驚きの価格でご提供いたします。日本全国送料無料です。",日立 ルームエアコン<br>壁掛形 14畳程度 シングル<br>単相200V ワイヤレス<br>室内電源 ZJシリーズ,RAS-ZJ40E2-W,,,,"<img src=""http://www.tokyo-aircon.net/images/ind_aircon/ind-t200.png""><img src=""http://www.tokyo-aircon.net/images/ind_aircon/ind-wireless.png"">",hitachi_room/201506/ras-zj40e2-w.jpg,"日立 ルームエアコン<br>壁掛形 14畳程度 シングル<br>単相200V ワイヤレス<br>室内電源 ZJシリーズ<br /><img src=""http://www.tokyo-aircon.net/images/ind_aircon/ind-t2002.png""><img src=""http://www.tokyo-aircon.net/images/ind_aircon/ind-wireless2.png"">",hitachi_room/201506/ras-zj40e2-w.jpg,,,"<ul class=""set_comment_list""><li><strong>※リモコンを含んだ金額になります</strong></li><li>※全国送料無料（一部地域を除く）</li><li>※メーカー1年保証付き</li></ul>",,hitachi_room/201506/sub/rac-zj40e2.jpg,,,,hitachi_room/201506/sub/rar-6j3.jpg,,,,,,"<div class=""table_airconStd""><table><tbody><tr><th>室内機</th><td>RAS-ZJ40E2 W x 1</td></tr><tr><th>室外機</th><td>RAC-ZJ40E2 x 1</td></tr><tr><th>リモコン</th><td>RAR-6J3 x 1</td></tr></tbody></table></div>",,,,,,,2,0,1,RAS-ZJ40E2-W,,1,,496800,496800,,0,,,,,,,,,,,,,,,,,"301041,310007",
600118,,,,,,,,4,,日立 ルームエアコン 壁掛形 18畳程度 シングル ZJシリーズ,1,,"RAS-ZJ56E2-W｜日立 ルームエアコン 壁掛形 18畳程度 シングル 単相200V ワイヤレス 室内電源 ZJシリーズ｜販売価格:561,600｜「東京空調センター」では、ルームエアコンを驚きの価格でご提供いたします。日本全国送料無料です。",日立 ルームエアコン<br>壁掛形 18畳程度 シングル<br>単相200V ワイヤレス<br>室内電源 ZJシリーズ,RAS-ZJ56E2-W,,,,"<img src=""http://www.tokyo-aircon.net/images/ind_aircon/ind-t200.png""><img src=""http://www.tokyo-aircon.net/images/ind_aircon/ind-wireless.png"">",hitachi_room/201506/ras-zj56e2-w.jpg,"日立 ルームエアコン<br>壁掛形 18畳程度 シングル<br>単相200V ワイヤレス<br>室内電源 ZJシリーズ<br /><img src=""http://www.tokyo-aircon.net/images/ind_aircon/ind-t2002.png""><img src=""http://www.tokyo-aircon.net/images/ind_aircon/ind-wireless2.png"">",hitachi_room/201506/ras-zj56e2-w.jpg,,,"<ul class=""set_comment_list""><li><strong>※リモコンを含んだ金額になります</strong></li><li>※全国送料無料（一部地域を除く）</li><li>※メーカー1年保証付き</li></ul>",,hitachi_room/201506/sub/rac-zj56e2.jpg,,,,hitachi_room/201506/sub/rar-6j3.jpg,,,,,,"<div class=""table_airconStd""><table><tbody><tr><th>室内機</th><td>RAS-ZJ56E2 W x 1</td></tr><tr><th>室外機</th><td>RAC-ZJ56E2 x 1</td></tr><tr><th>リモコン</th><td>RAR-6J3 x 1</td></tr></tbody></table></div>",,,,,,,2,0,1,RAS-ZJ56E2-W,,1,,561600,561600,,0,,,,,,,,,,,,,,,,,"301041,310014",
600119,,,,,,,,4,,日立 ルームエアコン 壁掛形 20畳程度 シングル ZJシリーズ,1,,"RAS-ZJ63E2-W｜日立 ルームエアコン 壁掛形 20畳程度 シングル 単相200V ワイヤレス 室内電源 ZJシリーズ｜販売価格:604,800｜「東京空調センター」では、ルームエアコンを驚きの価格でご提供いたします。日本全国送料無料です。",日立 ルームエアコン<br>壁掛形 20畳程度 シングル<br>単相200V ワイヤレス<br>室内電源 ZJシリーズ,RAS-ZJ63E2-W,,,,"<img src=""http://www.tokyo-aircon.net/images/ind_aircon/ind-t200.png""><img src=""http://www.tokyo-aircon.net/images/ind_aircon/ind-wireless.png"">",hitachi_room/201506/ras-zj63e2-w.jpg,"日立 ルームエアコン<br>壁掛形 20畳程度 シングル<br>単相200V ワイヤレス<br>室内電源 ZJシリーズ<br /><img src=""http://www.tokyo-aircon.net/images/ind_aircon/ind-t2002.png""><img src=""http://www.tokyo-aircon.net/images/ind_aircon/ind-wireless2.png"">",hitachi_room/201506/ras-zj63e2-w.jpg,,,"<ul class=""set_comment_list""><li><strong>※リモコンを含んだ金額になります</strong></li><li>※全国送料無料（一部地域を除く）</li><li>※メーカー1年保証付き</li></ul>",,hitachi_room/201506/sub/rac-zj63e2.jpg,,,,hitachi_room/201506/sub/rar-6j3.jpg,,,,,,"<div class=""table_airconStd""><table><tbody><tr><th>室内機</th><td>RAS-ZJ63E2 W x 1</td></tr><tr><th>室外機</th><td>RAC-ZJ63E2 x 1</td></tr><tr><th>リモコン</th><td>RAR-6J3 x 1</td></tr></tbody></table></div>",,,,,,,2,0,1,RAS-ZJ63E2-W,,1,,604800,604800,,0,,,,,,,,,,,,,,,,,"301041,310016",
600120,,,,,,,,4,,日立 ルームエアコン 壁掛形 23畳程度 シングル ZJシリーズ,1,,"RAS-ZJ71E2-W｜日立 ルームエアコン 壁掛形 23畳程度 シングル 単相200V ワイヤレス 室内電源 ZJシリーズ｜販売価格:648,000｜「東京空調センター」では、ルームエアコンを驚きの価格でご提供いたします。日本全国送料無料です。",日立 ルームエアコン<br>壁掛形 23畳程度 シングル<br>単相200V ワイヤレス<br>室内電源 ZJシリーズ,RAS-ZJ71E2-W,,,,"<img src=""http://www.tokyo-aircon.net/images/ind_aircon/ind-t200.png""><img src=""http://www.tokyo-aircon.net/images/ind_aircon/ind-wireless.png"">",hitachi_room/201506/ras-zj71e2-w.jpg,"日立 ルームエアコン<br>壁掛形 23畳程度 シングル<br>単相200V ワイヤレス<br>室内電源 ZJシリーズ<br /><img src=""http://www.tokyo-aircon.net/images/ind_aircon/ind-t2002.png""><img src=""http://www.tokyo-aircon.net/images/ind_aircon/ind-wireless2.png"">",hitachi_room/201506/ras-zj71e2-w.jpg,,,"<ul class=""set_comment_list""><li><strong>※リモコンを含んだ金額になります</strong></li><li>※全国送料無料（一部地域を除く）</li><li>※メーカー1年保証付き</li></ul>",,hitachi_room/201506/sub/rac-zj71e2.jpg,,,,hitachi_room/201506/sub/rar-6j3.jpg,,,,,,"<div class=""table_airconStd""><table><tbody><tr><th>室内機</th><td>RAS-ZJ71E2 W x 1</td></tr><tr><th>室外機</th><td>RAC-ZJ71E2 x 1</td></tr><tr><th>リモコン</th><td>RAR-6J3 x 1</td></tr></tbody></table></div>",,,,,,,2,0,1,RAS-ZJ71E2-W,,1,,648000,648000,,0,,,,,,,,,,,,,,,,,"301041,310018",
600121,,,,,,,,4,,日立 ルームエアコン 壁掛形 26畳程度 シングル ZJシリーズ,1,,"RAS-ZJ80E2-W｜日立 ルームエアコン 壁掛形 26畳程度 シングル 単相200V ワイヤレス 室内電源 ZJシリーズ｜販売価格:691,200｜「東京空調センター」では、ルームエアコンを驚きの価格でご提供いたします。日本全国送料無料です。",日立 ルームエアコン<br>壁掛形 26畳程度 シングル<br>単相200V ワイヤレス<br>室内電源 ZJシリーズ,RAS-ZJ80E2-W,,,,"<img src=""http://www.tokyo-aircon.net/images/ind_aircon/ind-t200.png""><img src=""http://www.tokyo-aircon.net/images/ind_aircon/ind-wireless.png"">",hitachi_room/201506/ras-zj80e2-w.jpg,"日立 ルームエアコン<br>壁掛形 26畳程度 シングル<br>単相200V ワイヤレス<br>室内電源 ZJシリーズ<br /><img src=""http://www.tokyo-aircon.net/images/ind_aircon/ind-t2002.png""><img src=""http://www.tokyo-aircon.net/images/ind_aircon/ind-wireless2.png"">",hitachi_room/201506/ras-zj80e2-w.jpg,,,"<ul class=""set_comment_list""><li><strong>※リモコンを含んだ金額になります</strong></li><li>※全国送料無料（一部地域を除く）</li><li>※メーカー1年保証付き</li></ul>",,hitachi_room/201506/sub/rac-zj80e2.jpg,,,,hitachi_room/201506/sub/rar-6j3.jpg,,,,,,"<div class=""table_airconStd""><table><tbody><tr><th>室内機</th><td>RAS-ZJ80E2 W x 1</td></tr><tr><th>室外機</th><td>RAC-ZJ80E2 x 1</td></tr><tr><th>リモコン</th><td>RAR-6J3 x 1</td></tr></tbody></table></div>",,,,,,,2,0,1,RAS-ZJ80E2-W,,1,,691200,691200,,0,,,,,,,,,,,,,,,,,"301041,310020",
600122,,,,,,,,4,,日立 ルームエアコン 壁掛形 6畳程度 シングル Eシリーズ,1,,"RAS-E22E-W｜日立 ルームエアコン 壁掛形 6畳程度 シングル 単相100V ワイヤレス 室内電源 Eシリーズ｜販売価格:999,999｜「東京空調センター」では、ルームエアコンを驚きの価格でご提供いたします。日本全国送料無料です。",日立 ルームエアコン<br>壁掛形 6畳程度 シングル<br>単相100V ワイヤレス<br>室内電源 Eシリーズ,RAS-E22E-W,,,,"<img src=""http://www.tokyo-aircon.net/images/ind_aircon/ind-s100.png""><img src=""http://www.tokyo-aircon.net/images/ind_aircon/ind-wireless.png"">",hitachi_room/201506/ras-e22e-w.jpg,"日立 ルームエアコン<br>壁掛形 6畳程度 シングル<br>単相100V ワイヤレス<br>室内電源 Eシリーズ<br /><img src=""http://www.tokyo-aircon.net/images/ind_aircon/ind-s1002.png""><img src=""http://www.tokyo-aircon.net/images/ind_aircon/ind-wireless2.png"">",hitachi_room/201506/ras-e22e-w.jpg,,,"<ul class=""set_comment_list""><li><strong>※リモコンを含んだ金額になります</strong></li><li>※全国送料無料（一部地域を除く）</li><li>※メーカー1年保証付き</li></ul>",,hitachi_room/201506/sub/rac-e22e.jpg,,,,hitachi_room/201506/sub/rar-7b1.jpg,,,,,,"<div class=""table_airconStd""><table><tbody><tr><th>室内機</th><td>RAS-E22E W x 1</td></tr><tr><th>室外機</th><td>RAC-E22E x 1</td></tr><tr><th>リモコン</th><td>RAR-7B1 x 1</td></tr></tbody></table></div>",,,,,,,2,0,1,RAS-E22E-W,,1,,0,999999,,0,,,,,,,,,,,,,,,,,"301041,310003",
600123,,,,,,,,4,,日立 ルームエアコン 壁掛形 8畳程度 シングル Eシリーズ,1,,"RAS-E25E-W｜日立 ルームエアコン 壁掛形 8畳程度 シングル 単相100V ワイヤレス 室内電源 Eシリーズ｜販売価格:999,999｜「東京空調センター」では、ルームエアコンを驚きの価格でご提供いたします。日本全国送料無料です。",日立 ルームエアコン<br>壁掛形 8畳程度 シングル<br>単相100V ワイヤレス<br>室内電源 Eシリーズ,RAS-E25E-W,,,,"<img src=""http://www.tokyo-aircon.net/images/ind_aircon/ind-s100.png""><img src=""http://www.tokyo-aircon.net/images/ind_aircon/ind-wireless.png"">",hitachi_room/201506/ras-e25e-w.jpg,"日立 ルームエアコン<br>壁掛形 8畳程度 シングル<br>単相100V ワイヤレス<br>室内電源 Eシリーズ<br /><img src=""http://www.tokyo-aircon.net/images/ind_aircon/ind-s1002.png""><img src=""http://www.tokyo-aircon.net/images/ind_aircon/ind-wireless2.png"">",hitachi_room/201506/ras-e25e-w.jpg,,,"<ul class=""set_comment_list""><li><strong>※リモコンを含んだ金額になります</strong></li><li>※全国送料無料（一部地域を除く）</li><li>※メーカー1年保証付き</li></ul>",,hitachi_room/201506/sub/rac-e25e.jpg,,,,hitachi_room/201506/sub/rar-7b1.jpg,,,,,,"<div class=""table_airconStd""><table><tbody><tr><th>室内機</th><td>RAS-E25E W x 1</td></tr><tr><th>室外機</th><td>RAC-E25E x 1</td></tr><tr><th>リモコン</th><td>RAR-7B1 x 1</td></tr></tbody></table></div>",,,,,,,2,0,1,RAS-E25E-W,,1,,0,999999,,0,,,,,,,,,,,,,,,,,"301041,310004",
600124,,,,,,,,4,,日立 ルームエアコン 壁掛形 10畳程度 シングル Eシリーズ,1,,"RAS-E28E-W｜日立 ルームエアコン 壁掛形 10畳程度 シングル 単相100V ワイヤレス 室内電源 Eシリーズ｜販売価格:999,999｜「東京空調センター」では、ルームエアコンを驚きの価格でご提供いたします。日本全国送料無料です。",日立 ルームエアコン<br>壁掛形 10畳程度 シングル<br>単相100V ワイヤレス<br>室内電源 Eシリーズ,RAS-E28E-W,,,,"<img src=""http://www.tokyo-aircon.net/images/ind_aircon/ind-s100.png""><img src=""http://www.tokyo-aircon.net/images/ind_aircon/ind-wireless.png"">",hitachi_room/201506/ras-e28e-w.jpg,"日立 ルームエアコン<br>壁掛形 10畳程度 シングル<br>単相100V ワイヤレス<br>室内電源 Eシリーズ<br /><img src=""http://www.tokyo-aircon.net/images/ind_aircon/ind-s1002.png""><img src=""http://www.tokyo-aircon.net/images/ind_aircon/ind-wireless2.png"">",hitachi_room/201506/ras-e28e-w.jpg,,,"<ul class=""set_comment_list""><li><strong>※リモコンを含んだ金額になります</strong></li><li>※全国送料無料（一部地域を除く）</li><li>※メーカー1年保証付き</li></ul>",,hitachi_room/201506/sub/rac-e28e.jpg,,,,hitachi_room/201506/sub/rar-7b1.jpg,,,,,,"<div class=""table_airconStd""><table><tbody><tr><th>室内機</th><td>RAS-E28E W x 1</td></tr><tr><th>室外機</th><td>RAC-E28E x 1</td></tr><tr><th>リモコン</th><td>RAR-7B1 x 1</td></tr></tbody></table></div>",,,,,,,2,0,1,RAS-E28E-W,,1,,0,999999,,0,,,,,,,,,,,,,,,,,"301041,310005",
600125,,,,,,,,4,,日立 ルームエアコン 壁掛形 12畳程度 シングル Eシリーズ,1,,"RAS-E36E-W｜日立 ルームエアコン 壁掛形 12畳程度 シングル 単相100V ワイヤレス 室内電源 Eシリーズ｜販売価格:999,999｜「東京空調センター」では、ルームエアコンを驚きの価格でご提供いたします。日本全国送料無料です。",日立 ルームエアコン<br>壁掛形 12畳程度 シングル<br>単相100V ワイヤレス<br>室内電源 Eシリーズ,RAS-E36E-W,,,,"<img src=""http://www.tokyo-aircon.net/images/ind_aircon/ind-s100.png""><img src=""http://www.tokyo-aircon.net/images/ind_aircon/ind-wireless.png"">",hitachi_room/201506/ras-e36e-w.jpg,"日立 ルームエアコン<br>壁掛形 12畳程度 シングル<br>単相100V ワイヤレス<br>室内電源 Eシリーズ<br /><img src=""http://www.tokyo-aircon.net/images/ind_aircon/ind-s1002.png""><img src=""http://www.tokyo-aircon.net/images/ind_aircon/ind-wireless2.png"">",hitachi_room/201506/ras-e36e-w.jpg,,,"<ul class=""set_comment_list""><li><strong>※リモコンを含んだ金額になります</strong></li><li>※全国送料無料（一部地域を除く）</li><li>※メーカー1年保証付き</li></ul>",,hitachi_room/201506/sub/rac-e36e.jpg,,,,hitachi_room/201506/sub/rar-7b1.jpg,,,,,,"<div class=""table_airconStd""><table><tbody><tr><th>室内機</th><td>RAS-E36E W x 1</td></tr><tr><th>室外機</th><td>RAC-E36E x 1</td></tr><tr><th>リモコン</th><td>RAR-7B1 x 1</td></tr></tbody></table></div>",,,,,,,2,0,1,RAS-E36E-W,,1,,0,999999,,0,,,,,,,,,,,,,,,,,"301041,310006",
600126,,,,,,,,4,,日立 ルームエアコン 壁掛形 14畳程度 シングル Eシリーズ,1,,"RAS-E40E2-W｜日立 ルームエアコン 壁掛形 14畳程度 シングル 単相200V ワイヤレス 室内電源 Eシリーズ｜販売価格:999,999｜「東京空調センター」では、ルームエアコンを驚きの価格でご提供いたします。日本全国送料無料です。",日立 ルームエアコン<br>壁掛形 14畳程度 シングル<br>単相200V ワイヤレス<br>室内電源 Eシリーズ,RAS-E40E2-W,,,,"<img src=""http://www.tokyo-aircon.net/images/ind_aircon/ind-t200.png""><img src=""http://www.tokyo-aircon.net/images/ind_aircon/ind-wireless.png"">",hitachi_room/201506/ras-e40e2-w.jpg,"日立 ルームエアコン<br>壁掛形 14畳程度 シングル<br>単相200V ワイヤレス<br>室内電源 Eシリーズ<br /><img src=""http://www.tokyo-aircon.net/images/ind_aircon/ind-t2002.png""><img src=""http://www.tokyo-aircon.net/images/ind_aircon/ind-wireless2.png"">",hitachi_room/201506/ras-e40e2-w.jpg,,,"<ul class=""set_comment_list""><li><strong>※リモコンを含んだ金額になります</strong></li><li>※全国送料無料（一部地域を除く）</li><li>※メーカー1年保証付き</li></ul>",,hitachi_room/201506/sub/rac-e40e2.jpg,,,,hitachi_room/201506/sub/rar-7b1.jpg,,,,,,"<div class=""table_airconStd""><table><tbody><tr><th>室内機</th><td>RAS-E40E2 W x 1</td></tr><tr><th>室外機</th><td>RAC-E40E2 x 1</td></tr><tr><th>リモコン</th><td>RAR-7B1 x 1</td></tr></tbody></table></div>",,,,,,,2,0,1,RAS-E40E2-W,,1,,0,999999,,0,,,,,,,,,,,,,,,,,"301041,310007",
600127,,,,,,,,4,,日立 ルームエアコン 壁掛形 18畳程度 シングル Eシリーズ,1,,"RAS-E56E2-W｜日立 ルームエアコン 壁掛形 18畳程度 シングル 単相200V ワイヤレス 室内電源 Eシリーズ｜販売価格:999,999｜「東京空調センター」では、ルームエアコンを驚きの価格でご提供いたします。日本全国送料無料です。",日立 ルームエアコン<br>壁掛形 18畳程度 シングル<br>単相200V ワイヤレス<br>室内電源 Eシリーズ,RAS-E56E2-W,,,,"<img src=""http://www.tokyo-aircon.net/images/ind_aircon/ind-t200.png""><img src=""http://www.tokyo-aircon.net/images/ind_aircon/ind-wireless.png"">",hitachi_room/201506/ras-e56e2-w.jpg,"日立 ルームエアコン<br>壁掛形 18畳程度 シングル<br>単相200V ワイヤレス<br>室内電源 Eシリーズ<br /><img src=""http://www.tokyo-aircon.net/images/ind_aircon/ind-t2002.png""><img src=""http://www.tokyo-aircon.net/images/ind_aircon/ind-wireless2.png"">",hitachi_room/201506/ras-e56e2-w.jpg,,,"<ul class=""set_comment_list""><li><strong>※リモコンを含んだ金額になります</strong></li><li>※全国送料無料（一部地域を除く）</li><li>※メーカー1年保証付き</li></ul>",,hitachi_room/201506/sub/rac-e56e2.jpg,,,,hitachi_room/201506/sub/rar-7b1.jpg,,,,,,"<div class=""table_airconStd""><table><tbody><tr><th>室内機</th><td>RAS-E56E2 W x 1</td></tr><tr><th>室外機</th><td>RAC-E56E2 x 1</td></tr><tr><th>リモコン</th><td>RAR-7B1 x 1</td></tr></tbody></table></div>",,,,,,,2,0,1,RAS-E56E2-W,,1,,0,999999,,0,,,,,,,,,,,,,,,,,"301041,310014",
600128,,,,,,,,4,,日立 ルームエアコン 壁掛形 20畳程度 シングル Eシリーズ,1,,"RAS-E63E2-W｜日立 ルームエアコン 壁掛形 20畳程度 シングル 単相200V ワイヤレス 室内電源 Eシリーズ｜販売価格:999,999｜「東京空調センター」では、ルームエアコンを驚きの価格でご提供いたします。日本全国送料無料です。",日立 ルームエアコン<br>壁掛形 20畳程度 シングル<br>単相200V ワイヤレス<br>室内電源 Eシリーズ,RAS-E63E2-W,,,,"<img src=""http://www.tokyo-aircon.net/images/ind_aircon/ind-t200.png""><img src=""http://www.tokyo-aircon.net/images/ind_aircon/ind-wireless.png"">",hitachi_room/201506/ras-e63e2-w.jpg,"日立 ルームエアコン<br>壁掛形 20畳程度 シングル<br>単相200V ワイヤレス<br>室内電源 Eシリーズ<br /><img src=""http://www.tokyo-aircon.net/images/ind_aircon/ind-t2002.png""><img src=""http://www.tokyo-aircon.net/images/ind_aircon/ind-wireless2.png"">",hitachi_room/201506/ras-e63e2-w.jpg,,,"<ul class=""set_comment_list""><li><strong>※リモコンを含んだ金額になります</strong></li><li>※全国送料無料（一部地域を除く）</li><li>※メーカー1年保証付き</li></ul>",,hitachi_room/201506/sub/rac-e63e2.jpg,,,,hitachi_room/201506/sub/rar-7b1.jpg,,,,,,"<div class=""table_airconStd""><table><tbody><tr><th>室内機</th><td>RAS-E63E2 W x 1</td></tr><tr><th>室外機</th><td>RAC-E63E2 x 1</td></tr><tr><th>リモコン</th><td>RAR-7B1 x 1</td></tr></tbody></table></div>",,,,,,,2,0,1,RAS-E63E2-W,,1,,0,999999,,0,,,,,,,,,,,,,,,,,"301041,310016",
600129,,,,,,,,4,,日立 ルームエアコン 壁掛形 23畳程度 シングル Eシリーズ,1,,"RAS-E71E2-W｜日立 ルームエアコン 壁掛形 23畳程度 シングル 単相200V ワイヤレス 室内電源 Eシリーズ｜販売価格:999,999｜「東京空調センター」では、ルームエアコンを驚きの価格でご提供いたします。日本全国送料無料です。",日立 ルームエアコン<br>壁掛形 23畳程度 シングル<br>単相200V ワイヤレス<br>室内電源 Eシリーズ,RAS-E71E2-W,,,,"<img src=""http://www.tokyo-aircon.net/images/ind_aircon/ind-t200.png""><img src=""http://www.tokyo-aircon.net/images/ind_aircon/ind-wireless.png"">",hitachi_room/201506/ras-e71e2-w.jpg,"日立 ルームエアコン<br>壁掛形 23畳程度 シングル<br>単相200V ワイヤレス<br>室内電源 Eシリーズ<br /><img src=""http://www.tokyo-aircon.net/images/ind_aircon/ind-t2002.png""><img src=""http://www.tokyo-aircon.net/images/ind_aircon/ind-wireless2.png"">",hitachi_room/201506/ras-e71e2-w.jpg,,,"<ul class=""set_comment_list""><li><strong>※リモコンを含んだ金額になります</strong></li><li>※全国送料無料（一部地域を除く）</li><li>※メーカー1年保証付き</li></ul>",,hitachi_room/201506/sub/rac-e71e2.jpg,,,,hitachi_room/201506/sub/rar-7b1.jpg,,,,,,"<div class=""table_airconStd""><table><tbody><tr><th>室内機</th><td>RAS-E71E2 W x 1</td></tr><tr><th>室外機</th><td>RAC-E71E2 x 1</td></tr><tr><th>リモコン</th><td>RAR-7B1 x 1</td></tr></tbody></table></div>",,,,,,,2,0,1,RAS-E71E2-W,,1,,0,999999,,0,,,,,,,,,,,,,,,,,"301041,310018",
600130,,,,,,,,4,,日立 ルームエアコン 壁掛形 6畳程度 シングル Vシリーズ,1,,"RAS-V22E-W｜日立 ルームエアコン 壁掛形 6畳程度 シングル 単相100V ワイヤレス 室内電源 Vシリーズ｜販売価格:302,400｜「東京空調センター」では、ルームエアコンを驚きの価格でご提供いたします。日本全国送料無料です。",日立 ルームエアコン<br>壁掛形 6畳程度 シングル<br>単相100V ワイヤレス<br>室内電源 Vシリーズ,RAS-V22E-W,,,,"<img src=""http://www.tokyo-aircon.net/images/ind_aircon/ind-s100.png""><img src=""http://www.tokyo-aircon.net/images/ind_aircon/ind-wireless.png"">",hitachi_room/201506/ras-v22e-w.jpg,"日立 ルームエアコン<br>壁掛形 6畳程度 シングル<br>単相100V ワイヤレス<br>室内電源 Vシリーズ<br /><img src=""http://www.tokyo-aircon.net/images/ind_aircon/ind-s1002.png""><img src=""http://www.tokyo-aircon.net/images/ind_aircon/ind-wireless2.png"">",hitachi_room/201506/ras-v22e-w.jpg,,,"<ul class=""set_comment_list""><li><strong>※リモコンを含んだ金額になります</strong></li><li>※全国送料無料（一部地域を除く）</li><li>※メーカー1年保証付き</li></ul>",,hitachi_room/201506/sub/rac-v22e.jpg,,,,hitachi_room/201506/sub/rar-7a3.jpg,,,,,,"<div class=""table_airconStd""><table><tbody><tr><th>室内機</th><td>RAS-V22E W x 1</td></tr><tr><th>室外機</th><td>RAC-V22E x 1</td></tr><tr><th>リモコン</th><td>RAR-7A3 x 1</td></tr></tbody></table></div>",,,,,,,2,0,1,RAS-V22E-W,,1,,302400,302400,,0,,,,,,,,,,,,,,,,,"301041,310003",
600131,,,,,,,,4,,日立 ルームエアコン 壁掛形 6畳程度 シングル Vシリーズ,1,,"RAS-V22E-C｜日立 ルームエアコン 壁掛形 6畳程度 シングル 単相100V ワイヤレス 室内電源 Vシリーズ｜販売価格:302,400｜「東京空調センター」では、ルームエアコンを驚きの価格でご提供いたします。日本全国送料無料です。",日立 ルームエアコン<br>壁掛形 6畳程度 シングル<br>単相100V ワイヤレス<br>室内電源 Vシリーズ,RAS-V22E-C,,,,"<img src=""http://www.tokyo-aircon.net/images/ind_aircon/ind-s100.png""><img src=""http://www.tokyo-aircon.net/images/ind_aircon/ind-wireless.png"">",hitachi_room/201506/ras-v22e-c.jpg,"日立 ルームエアコン<br>壁掛形 6畳程度 シングル<br>単相100V ワイヤレス<br>室内電源 Vシリーズ<br /><img src=""http://www.tokyo-aircon.net/images/ind_aircon/ind-s1002.png""><img src=""http://www.tokyo-aircon.net/images/ind_aircon/ind-wireless2.png"">",hitachi_room/201506/ras-v22e-c.jpg,,,"<ul class=""set_comment_list""><li><strong>※リモコンを含んだ金額になります</strong></li><li>※全国送料無料（一部地域を除く）</li><li>※メーカー1年保証付き</li></ul>",,hitachi_room/201506/sub/rac-v22e.jpg,,,,hitachi_room/201506/sub/rar-7a3.jpg,,,,,,"<div class=""table_airconStd""><table><tbody><tr><th>室内機</th><td>RAS-V22E C x 1</td></tr><tr><th>室外機</th><td>RAC-V22E x 1</td></tr><tr><th>リモコン</th><td>RAR-7A3 x 1</td></tr></tbody></table></div>",,,,,,,2,0,1,RAS-V22E-C,,1,,302400,302400,,0,,,,,,,,,,,,,,,,,"301041,310003",
600132,,,,,,,,4,,日立 ルームエアコン 壁掛形 8畳程度 シングル Vシリーズ,1,,"RAS-V25E-W｜日立 ルームエアコン 壁掛形 8畳程度 シングル 単相100V ワイヤレス 室内電源 Vシリーズ｜販売価格:345,600｜「東京空調センター」では、ルームエアコンを驚きの価格でご提供いたします。日本全国送料無料です。",日立 ルームエアコン<br>壁掛形 8畳程度 シングル<br>単相100V ワイヤレス<br>室内電源 Vシリーズ,RAS-V25E-W,,,,"<img src=""http://www.tokyo-aircon.net/images/ind_aircon/ind-s100.png""><img src=""http://www.tokyo-aircon.net/images/ind_aircon/ind-wireless.png"">",hitachi_room/201506/ras-v25e-w.jpg,"日立 ルームエアコン<br>壁掛形 8畳程度 シングル<br>単相100V ワイヤレス<br>室内電源 Vシリーズ<br /><img src=""http://www.tokyo-aircon.net/images/ind_aircon/ind-s1002.png""><img src=""http://www.tokyo-aircon.net/images/ind_aircon/ind-wireless2.png"">",hitachi_room/201506/ras-v25e-w.jpg,,,"<ul class=""set_comment_list""><li><strong>※リモコンを含んだ金額になります</strong></li><li>※全国送料無料（一部地域を除く）</li><li>※メーカー1年保証付き</li></ul>",,hitachi_room/201506/sub/rac-v25e.jpg,,,,hitachi_room/201506/sub/rar-7a3.jpg,,,,,,"<div class=""table_airconStd""><table><tbody><tr><th>室内機</th><td>RAS-V25E W x 1</td></tr><tr><th>室外機</th><td>RAC-V25E x 1</td></tr><tr><th>リモコン</th><td>RAR-7A3 x 1</td></tr></tbody></table></div>",,,,,,,2,0,1,RAS-V25E-W,,1,,345600,345600,,0,,,,,,,,,,,,,,,,,"301041,310004",
600133,,,,,,,,4,,日立 ルームエアコン 壁掛形 8畳程度 シングル Vシリーズ,1,,"RAS-V25E-C｜日立 ルームエアコン 壁掛形 8畳程度 シングル 単相100V ワイヤレス 室内電源 Vシリーズ｜販売価格:345,600｜「東京空調センター」では、ルームエアコンを驚きの価格でご提供いたします。日本全国送料無料です。",日立 ルームエアコン<br>壁掛形 8畳程度 シングル<br>単相100V ワイヤレス<br>室内電源 Vシリーズ,RAS-V25E-C,,,,"<img src=""http://www.tokyo-aircon.net/images/ind_aircon/ind-s100.png""><img src=""http://www.tokyo-aircon.net/images/ind_aircon/ind-wireless.png"">",hitachi_room/201506/ras-v25e-c.jpg,"日立 ルームエアコン<br>壁掛形 8畳程度 シングル<br>単相100V ワイヤレス<br>室内電源 Vシリーズ<br /><img src=""http://www.tokyo-aircon.net/images/ind_aircon/ind-s1002.png""><img src=""http://www.tokyo-aircon.net/images/ind_aircon/ind-wireless2.png"">",hitachi_room/201506/ras-v25e-c.jpg,,,"<ul class=""set_comment_list""><li><strong>※リモコンを含んだ金額になります</strong></li><li>※全国送料無料（一部地域を除く）</li><li>※メーカー1年保証付き</li></ul>",,hitachi_room/201506/sub/rac-v25e.jpg,,,,hitachi_room/201506/sub/rar-7a3.jpg,,,,,,"<div class=""table_airconStd""><table><tbody><tr><th>室内機</th><td>RAS-V25E C x 1</td></tr><tr><th>室外機</th><td>RAC-V25E x 1</td></tr><tr><th>リモコン</th><td>RAR-7A3 x 1</td></tr></tbody></table></div>",,,,,,,2,0,1,RAS-V25E-C,,1,,345600,345600,,0,,,,,,,,,,,,,,,,,"301041,310004",
600134,,,,,,,,4,,日立 ルームエアコン 壁掛形 10畳程度 シングル Vシリーズ,1,,"RAS-V28E-W｜日立 ルームエアコン 壁掛形 10畳程度 シングル 単相100V ワイヤレス 室内電源 Vシリーズ｜販売価格:378,000｜「東京空調センター」では、ルームエアコンを驚きの価格でご提供いたします。日本全国送料無料です。",日立 ルームエアコン<br>壁掛形 10畳程度 シングル<br>単相100V ワイヤレス<br>室内電源 Vシリーズ,RAS-V28E-W,,,,"<img src=""http://www.tokyo-aircon.net/images/ind_aircon/ind-s100.png""><img src=""http://www.tokyo-aircon.net/images/ind_aircon/ind-wireless.png"">",hitachi_room/201506/ras-v28e-w.jpg,"日立 ルームエアコン<br>壁掛形 10畳程度 シングル<br>単相100V ワイヤレス<br>室内電源 Vシリーズ<br /><img src=""http://www.tokyo-aircon.net/images/ind_aircon/ind-s1002.png""><img src=""http://www.tokyo-aircon.net/images/ind_aircon/ind-wireless2.png"">",hitachi_room/201506/ras-v28e-w.jpg,,,"<ul class=""set_comment_list""><li><strong>※リモコンを含んだ金額になります</strong></li><li>※全国送料無料（一部地域を除く）</li><li>※メーカー1年保証付き</li></ul>",,hitachi_room/201506/sub/rac-v28e.jpg,,,,hitachi_room/201506/sub/rar-7a3.jpg,,,,,,"<div class=""table_airconStd""><table><tbody><tr><th>室内機</th><td>RAS-V28E W x 1</td></tr><tr><th>室外機</th><td>RAC-V28E x 1</td></tr><tr><th>リモコン</th><td>RAR-7A3 x 1</td></tr></tbody></table></div>",,,,,,,2,0,1,RAS-V28E-W,,1,,378000,378000,,0,,,,,,,,,,,,,,,,,"301041,310005",
600135,,,,,,,,4,,日立 ルームエアコン 壁掛形 10畳程度 シングル Vシリーズ,1,,"RAS-V28E-C｜日立 ルームエアコン 壁掛形 10畳程度 シングル 単相100V ワイヤレス 室内電源 Vシリーズ｜販売価格:378,000｜「東京空調センター」では、ルームエアコンを驚きの価格でご提供いたします。日本全国送料無料です。",日立 ルームエアコン<br>壁掛形 10畳程度 シングル<br>単相100V ワイヤレス<br>室内電源 Vシリーズ,RAS-V28E-C,,,,"<img src=""http://www.tokyo-aircon.net/images/ind_aircon/ind-s100.png""><img src=""http://www.tokyo-aircon.net/images/ind_aircon/ind-wireless.png"">",hitachi_room/201506/ras-v28e-c.jpg,"日立 ルームエアコン<br>壁掛形 10畳程度 シングル<br>単相100V ワイヤレス<br>室内電源 Vシリーズ<br /><img src=""http://www.tokyo-aircon.net/images/ind_aircon/ind-s1002.png""><img src=""http://www.tokyo-aircon.net/images/ind_aircon/ind-wireless2.png"">",hitachi_room/201506/ras-v28e-c.jpg,,,"<ul class=""set_comment_list""><li><strong>※リモコンを含んだ金額になります</strong></li><li>※全国送料無料（一部地域を除く）</li><li>※メーカー1年保証付き</li></ul>",,hitachi_room/201506/sub/rac-v28e.jpg,,,,hitachi_room/201506/sub/rar-7a3.jpg,,,,,,"<div class=""table_airconStd""><table><tbody><tr><th>室内機</th><td>RAS-V28E C x 1</td></tr><tr><th>室外機</th><td>RAC-V28E x 1</td></tr><tr><th>リモコン</th><td>RAR-7A3 x 1</td></tr></tbody></table></div>",,,,,,,2,0,1,RAS-V28E-C,,1,,378000,378000,,0,,,,,,,,,,,,,,,,,"301041,310005",
600136,,,,,,,,4,,日立 ルームエアコン 壁掛形 12畳程度 シングル Vシリーズ,1,,"RAS-V36E-W｜日立 ルームエアコン 壁掛形 12畳程度 シングル 単相100V ワイヤレス 室内電源 Vシリーズ｜販売価格:410,400｜「東京空調センター」では、ルームエアコンを驚きの価格でご提供いたします。日本全国送料無料です。",日立 ルームエアコン<br>壁掛形 12畳程度 シングル<br>単相100V ワイヤレス<br>室内電源 Vシリーズ,RAS-V36E-W,,,,"<img src=""http://www.tokyo-aircon.net/images/ind_aircon/ind-s100.png""><img src=""http://www.tokyo-aircon.net/images/ind_aircon/ind-wireless.png"">",hitachi_room/201506/ras-v36e-w.jpg,"日立 ルームエアコン<br>壁掛形 12畳程度 シングル<br>単相100V ワイヤレス<br>室内電源 Vシリーズ<br /><img src=""http://www.tokyo-aircon.net/images/ind_aircon/ind-s1002.png""><img src=""http://www.tokyo-aircon.net/images/ind_aircon/ind-wireless2.png"">",hitachi_room/201506/ras-v36e-w.jpg,,,"<ul class=""set_comment_list""><li><strong>※リモコンを含んだ金額になります</strong></li><li>※全国送料無料（一部地域を除く）</li><li>※メーカー1年保証付き</li></ul>",,hitachi_room/201506/sub/rac-v36e.jpg,,,,hitachi_room/201506/sub/rar-7a3.jpg,,,,,,"<div class=""table_airconStd""><table><tbody><tr><th>室内機</th><td>RAS-V36E W x 1</td></tr><tr><th>室外機</th><td>RAC-V36E x 1</td></tr><tr><th>リモコン</th><td>RAR-7A3 x 1</td></tr></tbody></table></div>",,,,,,,2,0,1,RAS-V36E-W,,1,,410400,410400,,0,,,,,,,,,,,,,,,,,"301041,310006",
600137,,,,,,,,4,,日立 ルームエアコン 壁掛形 14畳程度 シングル Vシリーズ,1,,"RAS-V40E2-W｜日立 ルームエアコン 壁掛形 14畳程度 シングル 単相200V ワイヤレス 室内電源 Vシリーズ｜販売価格:442,800｜「東京空調センター」では、ルームエアコンを驚きの価格でご提供いたします。日本全国送料無料です。",日立 ルームエアコン<br>壁掛形 14畳程度 シングル<br>単相200V ワイヤレス<br>室内電源 Vシリーズ,RAS-V40E2-W,,,,"<img src=""http://www.tokyo-aircon.net/images/ind_aircon/ind-t200.png""><img src=""http://www.tokyo-aircon.net/images/ind_aircon/ind-wireless.png"">",hitachi_room/201506/ras-v40e2-w.jpg,"日立 ルームエアコン<br>壁掛形 14畳程度 シングル<br>単相200V ワイヤレス<br>室内電源 Vシリーズ<br /><img src=""http://www.tokyo-aircon.net/images/ind_aircon/ind-t2002.png""><img src=""http://www.tokyo-aircon.net/images/ind_aircon/ind-wireless2.png"">",hitachi_room/201506/ras-v40e2-w.jpg,,,"<ul class=""set_comment_list""><li><strong>※リモコンを含んだ金額になります</strong></li><li>※全国送料無料（一部地域を除く）</li><li>※メーカー1年保証付き</li></ul>",,hitachi_room/201506/sub/rac-v40e2.jpg,,,,hitachi_room/201506/sub/rar-7a3.jpg,,,,,,"<div class=""table_airconStd""><table><tbody><tr><th>室内機</th><td>RAS-V40E2 W x 1</td></tr><tr><th>室外機</th><td>RAC-V40E2 x 1</td></tr><tr><th>リモコン</th><td>RAR-7A3 x 1</td></tr></tbody></table></div>",,,,,,,2,0,1,RAS-V40E2-W,,1,,442800,442800,,0,,,,,,,,,,,,,,,,,"301041,310007",
600138,,,,,,,,4,,日立 ルームエアコン 壁掛形 18畳程度 シングル VLシリーズ,1,,"RAS-VL56E2-W｜日立 ルームエアコン 壁掛形 18畳程度 シングル 単相200V ワイヤレス 室内電源 VLシリーズ｜販売価格:507,600｜「東京空調センター」では、ルームエアコンを驚きの価格でご提供いたします。日本全国送料無料です。",日立 ルームエアコン<br>壁掛形 18畳程度 シングル<br>単相200V ワイヤレス<br>室内電源 VLシリーズ,RAS-VL56E2-W,,,,"<img src=""http://www.tokyo-aircon.net/images/ind_aircon/ind-t200.png""><img src=""http://www.tokyo-aircon.net/images/ind_aircon/ind-wireless.png"">",hitachi_room/201506/ras-vl56e2-w.jpg,"日立 ルームエアコン<br>壁掛形 18畳程度 シングル<br>単相200V ワイヤレス<br>室内電源 VLシリーズ<br /><img src=""http://www.tokyo-aircon.net/images/ind_aircon/ind-t2002.png""><img src=""http://www.tokyo-aircon.net/images/ind_aircon/ind-wireless2.png"">",hitachi_room/201506/ras-vl56e2-w.jpg,,,"<ul class=""set_comment_list""><li><strong>※リモコンを含んだ金額になります</strong></li><li>※全国送料無料（一部地域を除く）</li><li>※メーカー1年保証付き</li></ul>",,hitachi_room/201506/sub/rac-vl56e2.jpg,,,,hitachi_room/201506/sub/rar-7a3.jpg,,,,,,"<div class=""table_airconStd""><table><tbody><tr><th>室内機</th><td>RAS-VL56E2 W x 1</td></tr><tr><th>室外機</th><td>RAC-VL56E2 x 1</td></tr><tr><th>リモコン</th><td>RAR-7A3 x 1</td></tr></tbody></table></div>",,,,,,,2,0,1,RAS-VL56E2-W,,1,,507600,507600,,0,,,,,,,,,,,,,,,,,"301041,310014",
600139,,,,,,,,4,,日立 ルームエアコン 壁掛形 20畳程度 シングル VLシリーズ,1,,"RAS-VL63E2-W｜日立 ルームエアコン 壁掛形 20畳程度 シングル 単相200V ワイヤレス 室内電源 VLシリーズ｜販売価格:550,800｜「東京空調センター」では、ルームエアコンを驚きの価格でご提供いたします。日本全国送料無料です。",日立 ルームエアコン<br>壁掛形 20畳程度 シングル<br>単相200V ワイヤレス<br>室内電源 VLシリーズ,RAS-VL63E2-W,,,,"<img src=""http://www.tokyo-aircon.net/images/ind_aircon/ind-t200.png""><img src=""http://www.tokyo-aircon.net/images/ind_aircon/ind-wireless.png"">",hitachi_room/201506/ras-vl63e2-w.jpg,"日立 ルームエアコン<br>壁掛形 20畳程度 シングル<br>単相200V ワイヤレス<br>室内電源 VLシリーズ<br /><img src=""http://www.tokyo-aircon.net/images/ind_aircon/ind-t2002.png""><img src=""http://www.tokyo-aircon.net/images/ind_aircon/ind-wireless2.png"">",hitachi_room/201506/ras-vl63e2-w.jpg,,,"<ul class=""set_comment_list""><li><strong>※リモコンを含んだ金額になります</strong></li><li>※全国送料無料（一部地域を除く）</li><li>※メーカー1年保証付き</li></ul>",,hitachi_room/201506/sub/rac-vl63e2.jpg,,,,hitachi_room/201506/sub/rar-7a3.jpg,,,,,,"<div class=""table_airconStd""><table><tbody><tr><th>室内機</th><td>RAS-VL63E2 W x 1</td></tr><tr><th>室外機</th><td>RAC-VL63E2 x 1</td></tr><tr><th>リモコン</th><td>RAR-7A3 x 1</td></tr></tbody></table></div>",,,,,,,2,0,1,RAS-VL63E2-W,,1,,550800,550800,,0,,,,,,,,,,,,,,,,,"301041,310016",
600140,,,,,,,,4,,日立 ルームエアコン 壁掛形 23畳程度 シングル VLシリーズ,1,,"RAS-VL71E2-W｜日立 ルームエアコン 壁掛形 23畳程度 シングル 単相200V ワイヤレス 室内電源 VLシリーズ｜販売価格:594,000｜「東京空調センター」では、ルームエアコンを驚きの価格でご提供いたします。日本全国送料無料です。",日立 ルームエアコン<br>壁掛形 23畳程度 シングル<br>単相200V ワイヤレス<br>室内電源 VLシリーズ,RAS-VL71E2-W,,,,"<img src=""http://www.tokyo-aircon.net/images/ind_aircon/ind-t200.png""><img src=""http://www.tokyo-aircon.net/images/ind_aircon/ind-wireless.png"">",hitachi_room/201506/ras-vl71e2-w.jpg,"日立 ルームエアコン<br>壁掛形 23畳程度 シングル<br>単相200V ワイヤレス<br>室内電源 VLシリーズ<br /><img src=""http://www.tokyo-aircon.net/images/ind_aircon/ind-t2002.png""><img src=""http://www.tokyo-aircon.net/images/ind_aircon/ind-wireless2.png"">",hitachi_room/201506/ras-vl71e2-w.jpg,,,"<ul class=""set_comment_list""><li><strong>※リモコンを含んだ金額になります</strong></li><li>※全国送料無料（一部地域を除く）</li><li>※メーカー1年保証付き</li></ul>",,hitachi_room/201506/sub/rac-vl71e2.jpg,,,,hitachi_room/201506/sub/rar-7a3.jpg,,,,,,"<div class=""table_airconStd""><table><tbody><tr><th>室内機</th><td>RAS-VL71E2 W x 1</td></tr><tr><th>室外機</th><td>RAC-VL71E2 x 1</td></tr><tr><th>リモコン</th><td>RAR-7A3 x 1</td></tr></tbody></table></div>",,,,,,,2,0,1,RAS-VL71E2-W,,1,,594000,594000,,0,,,,,,,,,,,,,,,,,"301041,310018",
600141,,,,,,,,4,,日立 ルームエアコン 壁掛形 6畳程度 シングル BJシリーズ,1,,"RAS-BJ22E-W｜日立 ルームエアコン 壁掛形 6畳程度 シングル 単相100V ワイヤレス 室内電源 BJシリーズ｜販売価格:286,200｜「東京空調センター」では、ルームエアコンを驚きの価格でご提供いたします。日本全国送料無料です。",日立 ルームエアコン<br>壁掛形 6畳程度 シングル<br>単相100V ワイヤレス<br>室内電源 BJシリーズ,RAS-BJ22E-W,,,,"<img src=""http://www.tokyo-aircon.net/images/ind_aircon/ind-s100.png""><img src=""http://www.tokyo-aircon.net/images/ind_aircon/ind-wireless.png"">",hitachi_room/201506/ras-bj22e-w.jpg,"日立 ルームエアコン<br>壁掛形 6畳程度 シングル<br>単相100V ワイヤレス<br>室内電源 BJシリーズ<br /><img src=""http://www.tokyo-aircon.net/images/ind_aircon/ind-s1002.png""><img src=""http://www.tokyo-aircon.net/images/ind_aircon/ind-wireless2.png"">",hitachi_room/201506/ras-bj22e-w.jpg,,,"<ul class=""set_comment_list""><li><strong>※リモコンを含んだ金額になります</strong></li><li>※全国送料無料（一部地域を除く）</li><li>※メーカー1年保証付き</li></ul>",,hitachi_room/201506/sub/rac-bj22e.jpg,,,,hitachi_room/201506/sub/rar-6z1.jpg,,,,,,"<div class=""table_airconStd""><table><tbody><tr><th>室内機</th><td>RAS-BJ22E W x 1</td></tr><tr><th>室外機</th><td>RAC-BJ22E x 1</td></tr><tr><th>リモコン</th><td>RAR-6Z1 x 1</td></tr></tbody></table></div>",,,,,,,2,0,1,RAS-BJ22E-W,,1,,286200,286200,,0,,,,,,,,,,,,,,,,,"301041,310003",
600142,,,,,,,,4,,日立 ルームエアコン 壁掛形 6畳程度 シングル BJシリーズ,1,,"RAS-BJ22E-C｜日立 ルームエアコン 壁掛形 6畳程度 シングル 単相100V ワイヤレス 室内電源 BJシリーズ｜販売価格:286,200｜「東京空調センター」では、ルームエアコンを驚きの価格でご提供いたします。日本全国送料無料です。",日立 ルームエアコン<br>壁掛形 6畳程度 シングル<br>単相100V ワイヤレス<br>室内電源 BJシリーズ,RAS-BJ22E-C,,,,"<img src=""http://www.tokyo-aircon.net/images/ind_aircon/ind-s100.png""><img src=""http://www.tokyo-aircon.net/images/ind_aircon/ind-wireless.png"">",hitachi_room/201506/ras-bj22e-c.jpg,"日立 ルームエアコン<br>壁掛形 6畳程度 シングル<br>単相100V ワイヤレス<br>室内電源 BJシリーズ<br /><img src=""http://www.tokyo-aircon.net/images/ind_aircon/ind-s1002.png""><img src=""http://www.tokyo-aircon.net/images/ind_aircon/ind-wireless2.png"">",hitachi_room/201506/ras-bj22e-c.jpg,,,"<ul class=""set_comment_list""><li><strong>※リモコンを含んだ金額になります</strong></li><li>※全国送料無料（一部地域を除く）</li><li>※メーカー1年保証付き</li></ul>",,hitachi_room/201506/sub/rac-bj22e.jpg,,,,hitachi_room/201506/sub/rar-6z1.jpg,,,,,,"<div class=""table_airconStd""><table><tbody><tr><th>室内機</th><td>RAS-BJ22E C x 1</td></tr><tr><th>室外機</th><td>RAC-BJ22E x 1</td></tr><tr><th>リモコン</th><td>RAR-6Z1 x 1</td></tr></tbody></table></div>",,,,,,,2,0,1,RAS-BJ22E-C,,1,,286200,286200,,0,,,,,,,,,,,,,,,,,"301041,310003",
600143,,,,,,,,4,,日立 ルームエアコン 壁掛形 8畳程度 シングル BJシリーズ,1,,"RAS-BJ25E-W｜日立 ルームエアコン 壁掛形 8畳程度 シングル 単相100V ワイヤレス 室内電源 BJシリーズ｜販売価格:329,400｜「東京空調センター」では、ルームエアコンを驚きの価格でご提供いたします。日本全国送料無料です。",日立 ルームエアコン<br>壁掛形 8畳程度 シングル<br>単相100V ワイヤレス<br>室内電源 BJシリーズ,RAS-BJ25E-W,,,,"<img src=""http://www.tokyo-aircon.net/images/ind_aircon/ind-s100.png""><img src=""http://www.tokyo-aircon.net/images/ind_aircon/ind-wireless.png"">",hitachi_room/201506/ras-bj25e-w.jpg,"日立 ルームエアコン<br>壁掛形 8畳程度 シングル<br>単相100V ワイヤレス<br>室内電源 BJシリーズ<br /><img src=""http://www.tokyo-aircon.net/images/ind_aircon/ind-s1002.png""><img src=""http://www.tokyo-aircon.net/images/ind_aircon/ind-wireless2.png"">",hitachi_room/201506/ras-bj25e-w.jpg,,,"<ul class=""set_comment_list""><li><strong>※リモコンを含んだ金額になります</strong></li><li>※全国送料無料（一部地域を除く）</li><li>※メーカー1年保証付き</li></ul>",,hitachi_room/201506/sub/rac-bj25e.jpg,,,,hitachi_room/201506/sub/rar-6z1.jpg,,,,,,"<div class=""table_airconStd""><table><tbody><tr><th>室内機</th><td>RAS-BJ25E W x 1</td></tr><tr><th>室外機</th><td>RAC-BJ25E x 1</td></tr><tr><th>リモコン</th><td>RAR-6Z1 x 1</td></tr></tbody></table></div>",,,,,,,2,0,1,RAS-BJ25E-W,,1,,329400,329400,,0,,,,,,,,,,,,,,,,,"301041,310004",
600144,,,,,,,,4,,日立 ルームエアコン 壁掛形 8畳程度 シングル BJシリーズ,1,,"RAS-BJ25E-C｜日立 ルームエアコン 壁掛形 8畳程度 シングル 単相100V ワイヤレス 室内電源 BJシリーズ｜販売価格:329,400｜「東京空調センター」では、ルームエアコンを驚きの価格でご提供いたします。日本全国送料無料です。",日立 ルームエアコン<br>壁掛形 8畳程度 シングル<br>単相100V ワイヤレス<br>室内電源 BJシリーズ,RAS-BJ25E-C,,,,"<img src=""http://www.tokyo-aircon.net/images/ind_aircon/ind-s100.png""><img src=""http://www.tokyo-aircon.net/images/ind_aircon/ind-wireless.png"">",hitachi_room/201506/ras-bj25e-c.jpg,"日立 ルームエアコン<br>壁掛形 8畳程度 シングル<br>単相100V ワイヤレス<br>室内電源 BJシリーズ<br /><img src=""http://www.tokyo-aircon.net/images/ind_aircon/ind-s1002.png""><img src=""http://www.tokyo-aircon.net/images/ind_aircon/ind-wireless2.png"">",hitachi_room/201506/ras-bj25e-c.jpg,,,"<ul class=""set_comment_list""><li><strong>※リモコンを含んだ金額になります</strong></li><li>※全国送料無料（一部地域を除く）</li><li>※メーカー1年保証付き</li></ul>",,hitachi_room/201506/sub/rac-bj25e.jpg,,,,hitachi_room/201506/sub/rar-6z1.jpg,,,,,,"<div class=""table_airconStd""><table><tbody><tr><th>室内機</th><td>RAS-BJ25E C x 1</td></tr><tr><th>室外機</th><td>RAC-BJ25E x 1</td></tr><tr><th>リモコン</th><td>RAR-6Z1 x 1</td></tr></tbody></table></div>",,,,,,,2,0,1,RAS-BJ25E-C,,1,,329400,329400,,0,,,,,,,,,,,,,,,,,"301041,310004",
600145,,,,,,,,4,,日立 ルームエアコン 壁掛形 10畳程度 シングル BJシリーズ,1,,"RAS-BJ28E-W｜日立 ルームエアコン 壁掛形 10畳程度 シングル 単相100V ワイヤレス 室内電源 BJシリーズ｜販売価格:361,800｜「東京空調センター」では、ルームエアコンを驚きの価格でご提供いたします。日本全国送料無料です。",日立 ルームエアコン<br>壁掛形 10畳程度 シングル<br>単相100V ワイヤレス<br>室内電源 BJシリーズ,RAS-BJ28E-W,,,,"<img src=""http://www.tokyo-aircon.net/images/ind_aircon/ind-s100.png""><img src=""http://www.tokyo-aircon.net/images/ind_aircon/ind-wireless.png"">",hitachi_room/201506/ras-bj28e-w.jpg,"日立 ルームエアコン<br>壁掛形 10畳程度 シングル<br>単相100V ワイヤレス<br>室内電源 BJシリーズ<br /><img src=""http://www.tokyo-aircon.net/images/ind_aircon/ind-s1002.png""><img src=""http://www.tokyo-aircon.net/images/ind_aircon/ind-wireless2.png"">",hitachi_room/201506/ras-bj28e-w.jpg,,,"<ul class=""set_comment_list""><li><strong>※リモコンを含んだ金額になります</strong></li><li>※全国送料無料（一部地域を除く）</li><li>※メーカー1年保証付き</li></ul>",,hitachi_room/201506/sub/rac-bj28e.jpg,,,,hitachi_room/201506/sub/rar-6z1.jpg,,,,,,"<div class=""table_airconStd""><table><tbody><tr><th>室内機</th><td>RAS-BJ28E W x 1</td></tr><tr><th>室外機</th><td>RAC-BJ28E x 1</td></tr><tr><th>リモコン</th><td>RAR-6Z1 x 1</td></tr></tbody></table></div>",,,,,,,2,0,1,RAS-BJ28E-W,,1,,361800,361800,,0,,,,,,,,,,,,,,,,,"301041,310005",
600146,,,,,,,,4,,日立 ルームエアコン 壁掛形 10畳程度 シングル BJシリーズ,1,,"RAS-BJ28E-C｜日立 ルームエアコン 壁掛形 10畳程度 シングル 単相100V ワイヤレス 室内電源 BJシリーズ｜販売価格:361,800｜「東京空調センター」では、ルームエアコンを驚きの価格でご提供いたします。日本全国送料無料です。",日立 ルームエアコン<br>壁掛形 10畳程度 シングル<br>単相100V ワイヤレス<br>室内電源 BJシリーズ,RAS-BJ28E-C,,,,"<img src=""http://www.tokyo-aircon.net/images/ind_aircon/ind-s100.png""><img src=""http://www.tokyo-aircon.net/images/ind_aircon/ind-wireless.png"">",hitachi_room/201506/ras-bj28e-c.jpg,"日立 ルームエアコン<br>壁掛形 10畳程度 シングル<br>単相100V ワイヤレス<br>室内電源 BJシリーズ<br /><img src=""http://www.tokyo-aircon.net/images/ind_aircon/ind-s1002.png""><img src=""http://www.tokyo-aircon.net/images/ind_aircon/ind-wireless2.png"">",hitachi_room/201506/ras-bj28e-c.jpg,,,"<ul class=""set_comment_list""><li><strong>※リモコンを含んだ金額になります</strong></li><li>※全国送料無料（一部地域を除く）</li><li>※メーカー1年保証付き</li></ul>",,hitachi_room/201506/sub/rac-bj28e.jpg,,,,hitachi_room/201506/sub/rar-6z1.jpg,,,,,,"<div class=""table_airconStd""><table><tbody><tr><th>室内機</th><td>RAS-BJ28E C x 1</td></tr><tr><th>室外機</th><td>RAC-BJ28E x 1</td></tr><tr><th>リモコン</th><td>RAR-6Z1 x 1</td></tr></tbody></table></div>",,,,,,,2,0,1,RAS-BJ28E-C,,1,,361800,361800,,0,,,,,,,,,,,,,,,,,"301041,310005",
600147,,,,,,,,4,,日立 ルームエアコン 壁掛形 12畳程度 シングル BJシリーズ,1,,"RAS-BJ36E-W｜日立 ルームエアコン 壁掛形 12畳程度 シングル 単相100V ワイヤレス 室内電源 BJシリーズ｜販売価格:394,200｜「東京空調センター」では、ルームエアコンを驚きの価格でご提供いたします。日本全国送料無料です。",日立 ルームエアコン<br>壁掛形 12畳程度 シングル<br>単相100V ワイヤレス<br>室内電源 BJシリーズ,RAS-BJ36E-W,,,,"<img src=""http://www.tokyo-aircon.net/images/ind_aircon/ind-s100.png""><img src=""http://www.tokyo-aircon.net/images/ind_aircon/ind-wireless.png"">",hitachi_room/201506/ras-bj36e-w.jpg,"日立 ルームエアコン<br>壁掛形 12畳程度 シングル<br>単相100V ワイヤレス<br>室内電源 BJシリーズ<br /><img src=""http://www.tokyo-aircon.net/images/ind_aircon/ind-s1002.png""><img src=""http://www.tokyo-aircon.net/images/ind_aircon/ind-wireless2.png"">",hitachi_room/201506/ras-bj36e-w.jpg,,,"<ul class=""set_comment_list""><li><strong>※リモコンを含んだ金額になります</strong></li><li>※全国送料無料（一部地域を除く）</li><li>※メーカー1年保証付き</li></ul>",,hitachi_room/201506/sub/rac-bj36e.jpg,,,,hitachi_room/201506/sub/rar-6z1.jpg,,,,,,"<div class=""table_airconStd""><table><tbody><tr><th>室内機</th><td>RAS-BJ36E W x 1</td></tr><tr><th>室外機</th><td>RAC-BJ36E x 1</td></tr><tr><th>リモコン</th><td>RAR-6Z1 x 1</td></tr></tbody></table></div>",,,,,,,2,0,1,RAS-BJ36E-W,,1,,394200,394200,,0,,,,,,,,,,,,,,,,,"301041,310006",
600148,,,,,,,,4,,日立 ルームエアコン 壁掛形 14畳程度 シングル BJシリーズ,1,,"RAS-BJ40E2-W｜日立 ルームエアコン 壁掛形 14畳程度 シングル 単相200V ワイヤレス 室内電源 BJシリーズ｜販売価格:426,600｜「東京空調センター」では、ルームエアコンを驚きの価格でご提供いたします。日本全国送料無料です。",日立 ルームエアコン<br>壁掛形 14畳程度 シングル<br>単相200V ワイヤレス<br>室内電源 BJシリーズ,RAS-BJ40E2-W,,,,"<img src=""http://www.tokyo-aircon.net/images/ind_aircon/ind-t200.png""><img src=""http://www.tokyo-aircon.net/images/ind_aircon/ind-wireless.png"">",hitachi_room/201506/ras-bj40e2-w.jpg,"日立 ルームエアコン<br>壁掛形 14畳程度 シングル<br>単相200V ワイヤレス<br>室内電源 BJシリーズ<br /><img src=""http://www.tokyo-aircon.net/images/ind_aircon/ind-t2002.png""><img src=""http://www.tokyo-aircon.net/images/ind_aircon/ind-wireless2.png"">",hitachi_room/201506/ras-bj40e2-w.jpg,,,"<ul class=""set_comment_list""><li><strong>※リモコンを含んだ金額になります</strong></li><li>※全国送料無料（一部地域を除く）</li><li>※メーカー1年保証付き</li></ul>",,hitachi_room/201506/sub/rac-bj40e2.jpg,,,,hitachi_room/201506/sub/rar-6z1.jpg,,,,,,"<div class=""table_airconStd""><table><tbody><tr><th>室内機</th><td>RAS-BJ40E2 W x 1</td></tr><tr><th>室外機</th><td>RAC-BJ40E2 x 1</td></tr><tr><th>リモコン</th><td>RAR-6Z1 x 1</td></tr></tbody></table></div>",,,,,,,2,0,1,RAS-BJ40E2-W,,1,,426600,426600,,0,,,,,,,,,,,,,,,,,"301041,310007",
600149,,,,,,,,4,,日立 ルームエアコン 壁掛形 18畳程度 シングル BJシリーズ,1,,"RAS-BJ56E2-W｜日立 ルームエアコン 壁掛形 18畳程度 シングル 単相200V ワイヤレス 室内電源 BJシリーズ｜販売価格:491,400｜「東京空調センター」では、ルームエアコンを驚きの価格でご提供いたします。日本全国送料無料です。",日立 ルームエアコン<br>壁掛形 18畳程度 シングル<br>単相200V ワイヤレス<br>室内電源 BJシリーズ,RAS-BJ56E2-W,,,,"<img src=""http://www.tokyo-aircon.net/images/ind_aircon/ind-t200.png""><img src=""http://www.tokyo-aircon.net/images/ind_aircon/ind-wireless.png"">",hitachi_room/201506/ras-bj56e2-w.jpg,"日立 ルームエアコン<br>壁掛形 18畳程度 シングル<br>単相200V ワイヤレス<br>室内電源 BJシリーズ<br /><img src=""http://www.tokyo-aircon.net/images/ind_aircon/ind-t2002.png""><img src=""http://www.tokyo-aircon.net/images/ind_aircon/ind-wireless2.png"">",hitachi_room/201506/ras-bj56e2-w.jpg,,,"<ul class=""set_comment_list""><li><strong>※リモコンを含んだ金額になります</strong></li><li>※全国送料無料（一部地域を除く）</li><li>※メーカー1年保証付き</li></ul>",,hitachi_room/201506/sub/rac-bj56e2.jpg,,,,hitachi_room/201506/sub/rar-6z1.jpg,,,,,,"<div class=""table_airconStd""><table><tbody><tr><th>室内機</th><td>RAS-BJ56E2 W x 1</td></tr><tr><th>室外機</th><td>RAC-BJ56E2 x 1</td></tr><tr><th>リモコン</th><td>RAR-6Z1 x 1</td></tr></tbody></table></div>",,,,,,,2,0,1,RAS-BJ56E2-W,,1,,491400,491400,,0,,,,,,,,,,,,,,,,,"301041,310014",
600150,,,,,,,,4,,日立 ルームエアコン 壁掛形 6畳程度 シングル AJシリーズ,1,,"RAS-AJ22E-W｜日立 ルームエアコン 壁掛形 6畳程度 シングル 単相100V ワイヤレス 室内電源 AJシリーズ｜販売価格:999,999｜「東京空調センター」では、ルームエアコンを驚きの価格でご提供いたします。日本全国送料無料です。",日立 ルームエアコン<br>壁掛形 6畳程度 シングル<br>単相100V ワイヤレス<br>室内電源 AJシリーズ,RAS-AJ22E-W,,,,"<img src=""http://www.tokyo-aircon.net/images/ind_aircon/ind-s100.png""><img src=""http://www.tokyo-aircon.net/images/ind_aircon/ind-wireless.png"">",hitachi_room/201506/ras-aj22e-w.jpg,"日立 ルームエアコン<br>壁掛形 6畳程度 シングル<br>単相100V ワイヤレス<br>室内電源 AJシリーズ<br /><img src=""http://www.tokyo-aircon.net/images/ind_aircon/ind-s1002.png""><img src=""http://www.tokyo-aircon.net/images/ind_aircon/ind-wireless2.png"">",hitachi_room/201506/ras-aj22e-w.jpg,,,"<ul class=""set_comment_list""><li><strong>※リモコンを含んだ金額になります</strong></li><li>※全国送料無料（一部地域を除く）</li><li>※メーカー1年保証付き</li></ul>",,hitachi_room/201506/sub/rac-aj22e.jpg,,,,hitachi_room/201506/sub/rar-6z2.jpg,,,,,,"<div class=""table_airconStd""><table><tbody><tr><th>室内機</th><td>RAS-AJ22E W x 1</td></tr><tr><th>室外機</th><td>RAC-AJ22E x 1</td></tr><tr><th>リモコン</th><td>RAR-6Z2 x 1</td></tr></tbody></table></div>",,,,,,,2,0,1,RAS-AJ22E-W,,1,,0,999999,,0,,,,,,,,,,,,,,,,,"301041,310003",
600151,,,,,,,,4,,日立 ルームエアコン 壁掛形 8畳程度 シングル AJシリーズ,1,,"RAS-AJ25E-W｜日立 ルームエアコン 壁掛形 8畳程度 シングル 単相100V ワイヤレス 室内電源 AJシリーズ｜販売価格:999,999｜「東京空調センター」では、ルームエアコンを驚きの価格でご提供いたします。日本全国送料無料です。",日立 ルームエアコン<br>壁掛形 8畳程度 シングル<br>単相100V ワイヤレス<br>室内電源 AJシリーズ,RAS-AJ25E-W,,,,"<img src=""http://www.tokyo-aircon.net/images/ind_aircon/ind-s100.png""><img src=""http://www.tokyo-aircon.net/images/ind_aircon/ind-wireless.png"">",hitachi_room/201506/ras-aj25e-w.jpg,"日立 ルームエアコン<br>壁掛形 8畳程度 シングル<br>単相100V ワイヤレス<br>室内電源 AJシリーズ<br /><img src=""http://www.tokyo-aircon.net/images/ind_aircon/ind-s1002.png""><img src=""http://www.tokyo-aircon.net/images/ind_aircon/ind-wireless2.png"">",hitachi_room/201506/ras-aj25e-w.jpg,,,"<ul class=""set_comment_list""><li><strong>※リモコンを含んだ金額になります</strong></li><li>※全国送料無料（一部地域を除く）</li><li>※メーカー1年保証付き</li></ul>",,hitachi_room/201506/sub/rac-aj25e.jpg,,,,hitachi_room/201506/sub/rar-6z2.jpg,,,,,,"<div class=""table_airconStd""><table><tbody><tr><th>室内機</th><td>RAS-AJ25E W x 1</td></tr><tr><th>室外機</th><td>RAC-AJ25E x 1</td></tr><tr><th>リモコン</th><td>RAR-6Z2 x 1</td></tr></tbody></table></div>",,,,,,,2,0,1,RAS-AJ25E-W,,1,,0,999999,,0,,,,,,,,,,,,,,,,,"301041,310004",
600152,,,,,,,,4,,日立 ルームエアコン 壁掛形 10畳程度 シングル AJシリーズ,1,,"RAS-AJ28E-W｜日立 ルームエアコン 壁掛形 10畳程度 シングル 単相100V ワイヤレス 室内電源 AJシリーズ｜販売価格:999,999｜「東京空調センター」では、ルームエアコンを驚きの価格でご提供いたします。日本全国送料無料です。",日立 ルームエアコン<br>壁掛形 10畳程度 シングル<br>単相100V ワイヤレス<br>室内電源 AJシリーズ,RAS-AJ28E-W,,,,"<img src=""http://www.tokyo-aircon.net/images/ind_aircon/ind-s100.png""><img src=""http://www.tokyo-aircon.net/images/ind_aircon/ind-wireless.png"">",hitachi_room/201506/ras-aj28e-w.jpg,"日立 ルームエアコン<br>壁掛形 10畳程度 シングル<br>単相100V ワイヤレス<br>室内電源 AJシリーズ<br /><img src=""http://www.tokyo-aircon.net/images/ind_aircon/ind-s1002.png""><img src=""http://www.tokyo-aircon.net/images/ind_aircon/ind-wireless2.png"">",hitachi_room/201506/ras-aj28e-w.jpg,,,"<ul class=""set_comment_list""><li><strong>※リモコンを含んだ金額になります</strong></li><li>※全国送料無料（一部地域を除く）</li><li>※メーカー1年保証付き</li></ul>",,hitachi_room/201506/sub/rac-aj28e.jpg,,,,hitachi_room/201506/sub/rar-6z2.jpg,,,,,,"<div class=""table_airconStd""><table><tbody><tr><th>室内機</th><td>RAS-AJ28E W x 1</td></tr><tr><th>室外機</th><td>RAC-AJ28E x 1</td></tr><tr><th>リモコン</th><td>RAR-6Z2 x 1</td></tr></tbody></table></div>",,,,,,,2,0,1,RAS-AJ28E-W,,1,,0,999999,,0,,,,,,,,,,,,,,,,,"301041,310005",
600153,,,,,,,,4,,日立 ルームエアコン 壁掛形 12畳程度 シングル AJシリーズ,1,,"RAS-AJ36E-W｜日立 ルームエアコン 壁掛形 12畳程度 シングル 単相100V ワイヤレス 室内電源 AJシリーズ｜販売価格:999,999｜「東京空調センター」では、ルームエアコンを驚きの価格でご提供いたします。日本全国送料無料です。",日立 ルームエアコン<br>壁掛形 12畳程度 シングル<br>単相100V ワイヤレス<br>室内電源 AJシリーズ,RAS-AJ36E-W,,,,"<img src=""http://www.tokyo-aircon.net/images/ind_aircon/ind-s100.png""><img src=""http://www.tokyo-aircon.net/images/ind_aircon/ind-wireless.png"">",hitachi_room/201506/ras-aj36e-w.jpg,"日立 ルームエアコン<br>壁掛形 12畳程度 シングル<br>単相100V ワイヤレス<br>室内電源 AJシリーズ<br /><img src=""http://www.tokyo-aircon.net/images/ind_aircon/ind-s1002.png""><img src=""http://www.tokyo-aircon.net/images/ind_aircon/ind-wireless2.png"">",hitachi_room/201506/ras-aj36e-w.jpg,,,"<ul class=""set_comment_list""><li><strong>※リモコンを含んだ金額になります</strong></li><li>※全国送料無料（一部地域を除く）</li><li>※メーカー1年保証付き</li></ul>",,hitachi_room/201506/sub/rac-aj36e.jpg,,,,hitachi_room/201506/sub/rar-6z2.jpg,,,,,,"<div class=""table_airconStd""><table><tbody><tr><th>室内機</th><td>RAS-AJ36E W x 1</td></tr><tr><th>室外機</th><td>RAC-AJ36E x 1</td></tr><tr><th>リモコン</th><td>RAR-6Z2 x 1</td></tr></tbody></table></div>",,,,,,,2,0,1,RAS-AJ36E-W,,1,,0,999999,,0,,,,,,,,,,,,,,,,,"301041,310006",
600154,,,,,,,,4,,日立 ルームエアコン 壁掛形 14畳程度 シングル AJシリーズ,1,,"RAS-AJ40E2-W｜日立 ルームエアコン 壁掛形 14畳程度 シングル 単相200V ワイヤレス 室内電源 AJシリーズ｜販売価格:999,999｜「東京空調センター」では、ルームエアコンを驚きの価格でご提供いたします。日本全国送料無料です。",日立 ルームエアコン<br>壁掛形 14畳程度 シングル<br>単相200V ワイヤレス<br>室内電源 AJシリーズ,RAS-AJ40E2-W,,,,"<img src=""http://www.tokyo-aircon.net/images/ind_aircon/ind-t200.png""><img src=""http://www.tokyo-aircon.net/images/ind_aircon/ind-wireless.png"">",hitachi_room/201506/ras-aj40e2-w.jpg,"日立 ルームエアコン<br>壁掛形 14畳程度 シングル<br>単相200V ワイヤレス<br>室内電源 AJシリーズ<br /><img src=""http://www.tokyo-aircon.net/images/ind_aircon/ind-t2002.png""><img src=""http://www.tokyo-aircon.net/images/ind_aircon/ind-wireless2.png"">",hitachi_room/201506/ras-aj40e2-w.jpg,,,"<ul class=""set_comment_list""><li><strong>※リモコンを含んだ金額になります</strong></li><li>※全国送料無料（一部地域を除く）</li><li>※メーカー1年保証付き</li></ul>",,hitachi_room/201506/sub/rac-aj40e2.jpg,,,,hitachi_room/201506/sub/rar-6z2.jpg,,,,,,"<div class=""table_airconStd""><table><tbody><tr><th>室内機</th><td>RAS-AJ40E2 W x 1</td></tr><tr><th>室外機</th><td>RAC-AJ40E2 x 1</td></tr><tr><th>リモコン</th><td>RAR-6Z2 x 1</td></tr></tbody></table></div>",,,,,,,2,0,1,RAS-AJ40E2-W,,1,,0,999999,,0,,,,,,,,,,,,,,,,,"301041,310007",
600155,,,,,,,,4,,日立 ルームエアコン 壁掛形 18畳程度 シングル AJシリーズ,1,,"RAS-AJ56E2-W｜日立 ルームエアコン 壁掛形 18畳程度 シングル 単相200V ワイヤレス 室内電源 AJシリーズ｜販売価格:999,999｜「東京空調センター」では、ルームエアコンを驚きの価格でご提供いたします。日本全国送料無料です。",日立 ルームエアコン<br>壁掛形 18畳程度 シングル<br>単相200V ワイヤレス<br>室内電源 AJシリーズ,RAS-AJ56E2-W,,,,"<img src=""http://www.tokyo-aircon.net/images/ind_aircon/ind-t200.png""><img src=""http://www.tokyo-aircon.net/images/ind_aircon/ind-wireless.png"">",hitachi_room/201506/ras-aj56e2-w.jpg,"日立 ルームエアコン<br>壁掛形 18畳程度 シングル<br>単相200V ワイヤレス<br>室内電源 AJシリーズ<br /><img src=""http://www.tokyo-aircon.net/images/ind_aircon/ind-t2002.png""><img src=""http://www.tokyo-aircon.net/images/ind_aircon/ind-wireless2.png"">",hitachi_room/201506/ras-aj56e2-w.jpg,,,"<ul class=""set_comment_list""><li><strong>※リモコンを含んだ金額になります</strong></li><li>※全国送料無料（一部地域を除く）</li><li>※メーカー1年保証付き</li></ul>",,hitachi_room/201506/sub/rac-aj56e2.jpg,,,,hitachi_room/201506/sub/rar-6z2.jpg,,,,,,"<div class=""table_airconStd""><table><tbody><tr><th>室内機</th><td>RAS-AJ56E2 W x 1</td></tr><tr><th>室外機</th><td>RAC-AJ56E2 x 1</td></tr><tr><th>リモコン</th><td>RAR-6Z2 x 1</td></tr></tbody></table></div>",,,,,,,2,0,1,RAS-AJ56E2-W,,1,,0,999999,,0,,,,,,,,,,,,,,,,,"301041,310014",
600156,,,,,,,,4,,日立 ルームエアコン 壁掛形 10畳程度 シングル AJシリーズ,1,,"RAS-AJ28E2-W｜日立 ルームエアコン 壁掛形 10畳程度 シングル 単相200V ワイヤレス 室内電源 AJシリーズ｜販売価格:999,999｜「東京空調センター」では、ルームエアコンを驚きの価格でご提供いたします。日本全国送料無料です。",日立 ルームエアコン<br>壁掛形 10畳程度 シングル<br>単相200V ワイヤレス<br>室内電源 AJシリーズ,RAS-AJ28E2-W,,,,"<img src=""http://www.tokyo-aircon.net/images/ind_aircon/ind-t200.png""><img src=""http://www.tokyo-aircon.net/images/ind_aircon/ind-wireless.png"">",hitachi_room/201506/ras-aj28e2-w.jpg,"日立 ルームエアコン<br>壁掛形 10畳程度 シングル<br>単相200V ワイヤレス<br>室内電源 AJシリーズ<br /><img src=""http://www.tokyo-aircon.net/images/ind_aircon/ind-t2002.png""><img src=""http://www.tokyo-aircon.net/images/ind_aircon/ind-wireless2.png"">",hitachi_room/201506/ras-aj28e2-w.jpg,,,"<ul class=""set_comment_list""><li><strong>※リモコンを含んだ金額になります</strong></li><li>※全国送料無料（一部地域を除く）</li><li>※メーカー1年保証付き</li></ul>",,hitachi_room/201506/sub/rac-aj28e2.jpg,,,,hitachi_room/201506/sub/rar-4z3.jpg,,,,,,"<div class=""table_airconStd""><table><tbody><tr><th>室内機</th><td>RAS-AJ28E2 W x 1</td></tr><tr><th>室外機</th><td>RAC-AJ28E2 x 1</td></tr><tr><th>リモコン</th><td>RAR-4Z3 x 1</td></tr></tbody></table></div>",,,,,,,2,0,1,RAS-AJ28E2-W,,1,,0,999999,,0,,,,,,,,,,,,,,,,,"301041,310005",
600157,,,,,,,,4,,日立 ルームエアコン 壁掛形 12畳程度 シングル AJシリーズ,1,,"RAS-AJ36E2-W｜日立 ルームエアコン 壁掛形 12畳程度 シングル 単相200V ワイヤレス 室内電源 AJシリーズ｜販売価格:999,999｜「東京空調センター」では、ルームエアコンを驚きの価格でご提供いたします。日本全国送料無料です。",日立 ルームエアコン<br>壁掛形 12畳程度 シングル<br>単相200V ワイヤレス<br>室内電源 AJシリーズ,RAS-AJ36E2-W,,,,"<img src=""http://www.tokyo-aircon.net/images/ind_aircon/ind-t200.png""><img src=""http://www.tokyo-aircon.net/images/ind_aircon/ind-wireless.png"">",hitachi_room/201506/ras-aj36e2-w.jpg,"日立 ルームエアコン<br>壁掛形 12畳程度 シングル<br>単相200V ワイヤレス<br>室内電源 AJシリーズ<br /><img src=""http://www.tokyo-aircon.net/images/ind_aircon/ind-t2002.png""><img src=""http://www.tokyo-aircon.net/images/ind_aircon/ind-wireless2.png"">",hitachi_room/201506/ras-aj36e2-w.jpg,,,"<ul class=""set_comment_list""><li><strong>※リモコンを含んだ金額になります</strong></li><li>※全国送料無料（一部地域を除く）</li><li>※メーカー1年保証付き</li></ul>",,hitachi_room/201506/sub/rac-aj36e2.jpg,,,,hitachi_room/201506/sub/rar-4z3.jpg,,,,,,"<div class=""table_airconStd""><table><tbody><tr><th>室内機</th><td>RAS-AJ36E2 W x 1</td></tr><tr><th>室外機</th><td>RAC-AJ36E2 x 1</td></tr><tr><th>リモコン</th><td>RAR-4Z3 x 1</td></tr></tbody></table></div>",,,,,,,2,0,1,RAS-AJ36E2-W,,1,,0,999999,,0,,,,,,,,,,,,,,,,,"301041,310006",
