商品ID,商品規格ID,親規格組合わせID,規格組合わせID,親規格分類ID,規格分類ID,親規格分類名,規格分類名,メーカーID,メーカー名,商品名,表示ステータス(公開・非公開),メーカーURL(コメント1),コメント2,検索ワード(コメント3),コメント4,コメント5,コメント6,備考欄(SHOP専用),一覧-メインコメント,一覧-メイン画像,詳細-メインコメント,詳細-メイン画像,詳細-メイン拡大画像,詳細-サブタイトル(1),詳細-サブコメント(1),詳細-サブ画像(1),詳細-サブ拡大画像(1),詳細-サブタイトル(2),詳細-サブコメント(2),詳細-サブ画像(2),詳細-サブ拡大画像(2),詳細-サブタイトル(3),詳細-サブコメント(3),詳細-サブ画像(3),詳細-サブ拡大画像(3),詳細-サブタイトル(4),詳細-サブコメント(4),詳細-サブ画像(4),詳細-サブ拡大画像(4),詳細-サブタイトル(5),詳細-サブコメント(5),詳細-サブ画像(5),詳細-サブ拡大画像(5),発送日目安ID,削除フラグ,商品種別ID,商品コード,f,在庫無制限フラグ,購入制限数,通常価格,販売価格,送料,ポイント付与率,ダウンロードファイル名,ダウンロード実ファイル,関連商品ID(1),関連商品コメント(1),関連商品ID(2),関連商品コメント(2),関連商品ID(3),関連商品コメント(3),関連商品ID(4),関連商品コメント(4),関連商品ID(5),関連商品コメント(5),関連商品ID(6),関連商品コメント(6),商品ステータス,商品ステータス名,カテゴリID,カテゴリ名
500418,,,,,,,,6,パナソニック,【パナソニック】 天井ビルトイン1方向タイプ 6畳程度 シングル,1,,"XCS-B221CC2/S-wood｜【パナソニック ハウジングエアコン】 天井ビルトイン1方向タイプ 6畳程度 シングル 単相200V ワイヤレス｜販売価格:353,808｜「東京空調センター」では、ハウジングエアコンを驚きの価格でご提供いたします。日本全国送料無料です。",【パナソニック ハウジングエアコン】<br>天井ビルトイン1方向タイプ 6畳程度<br>シングル 単相200V ワイヤレス,XCS-B221CC2-S-wood,木目調,,,"<img src=""http://www.tokyo-aircon.net/images/ind_aircon/ind-t200.png""><img src=""http://www.tokyo-aircon.net/images/ind_aircon/ind-wireless.png"">",panasonic_housing/201403/xcs-b221cc2-s-wood.jpg,"【パナソニック ハウジングエアコン】<br>天井ビルトイン1方向タイプ 6畳程度<br>シングル 単相200V ワイヤレス<br /><img src=""http://www.tokyo-aircon.net/images/ind_aircon/ind-t2002.png""><img src=""http://www.tokyo-aircon.net/images/ind_aircon/ind-wireless2.png"">",panasonic_housing/201403/xcs-b221cc2-s-wood.jpg,,,"<ul><li><font style=""color:red;"">※パネルタイプをお選び下さい</font></li><li><font style=""color: red;"">※パネル・リモコンを含んだ金額になります</font></li><li>※全国送料無料（一部地域を除く）</li><li>※メーカー1年保証付き</li></ul>",,panasonic_housing/201403/sub/cu-b221cg2.jpg,,,,panasonic_housing/201403/sub/rc1.jpg,,,,panasonic_housing/201403/sub/panel2.jpg,,"<div class=""set"">▼セット内容<br />室内機：CS-B221CC2 x 1<br />室外機：CU-B221CG2 x 1<br />リモコン：同梱リモコン x 1<br />パネル：CZ-BT11-M x 1<br /></div>",,,,,,,2,0,1,XCS-B221CC2-S-wood,,1,,336960,336960,,0,,,,,,,,,,,,,,,,,"200201,210003",
500419,,,,,,,,6,パナソニック,【パナソニック】 天井ビルトイン1方向タイプ 8畳程度 シングル,1,,"XCS-B251CC2/S｜【パナソニック ハウジングエアコン】 天井ビルトイン1方向タイプ 8畳程度 シングル 単相200V ワイヤレス｜販売価格:351,540｜「東京空調センター」では、ハウジングエアコンを驚きの価格でご提供いたします。日本全国送料無料です。",【パナソニック ハウジングエアコン】<br>天井ビルトイン1方向タイプ 8畳程度<br>シングル 単相200V ワイヤレス,XCS-B251CC2-S,"ホワイト,ライトブラウン",,,"<img src=""http://www.tokyo-aircon.net/images/ind_aircon/ind-t200.png""><img src=""http://www.tokyo-aircon.net/images/ind_aircon/ind-wireless.png"">",panasonic_housing/201403/xcs-b251cc2-s.jpg,"【パナソニック ハウジングエアコン】<br>天井ビルトイン1方向タイプ 8畳程度<br>シングル 単相200V ワイヤレス<br /><img src=""http://www.tokyo-aircon.net/images/ind_aircon/ind-t2002.png""><img src=""http://www.tokyo-aircon.net/images/ind_aircon/ind-wireless2.png"">",panasonic_housing/201403/xcs-b251cc2-s.jpg,,,"<ul><li><font style=""color:red;"">※パネルタイプをお選び下さい</font></li><li><font style=""color: red;"">※パネル・リモコンを含んだ金額になります</font></li><li>※全国送料無料（一部地域を除く）</li><li>※メーカー1年保証付き</li></ul>",,panasonic_housing/201403/sub/cu-b251cg2.jpg,,,,panasonic_housing/201403/sub/rc1.jpg,,,,panasonic_housing/201403/sub/panel3.jpg,,"<div class=""set"">▼セット内容<br />室内機：CS-B251CC2 x 1<br />室外機：CU-B251CG2 x 1<br />リモコン：同梱リモコン x 1<br />パネル：CZ-BT10-W x 1<br /></div>",,,,,,,2,0,1,XCS-B251CC2-S,,1,,334800,334800,,0,,,,,,,,,,,,,,,,,"200201,210004",
500420,,,,,,,,6,パナソニック,【パナソニック】 天井ビルトイン1方向タイプ 8畳程度 シングル,1,,"XCS-B251CC2/S-wood｜【パナソニック ハウジングエアコン】 天井ビルトイン1方向タイプ 8畳程度 シングル 単相200V ワイヤレス｜販売価格:365,148｜「東京空調センター」では、ハウジングエアコンを驚きの価格でご提供いたします。日本全国送料無料です。",【パナソニック ハウジングエアコン】<br>天井ビルトイン1方向タイプ 8畳程度<br>シングル 単相200V ワイヤレス,XCS-B251CC2-S-wood,木目調,,,"<img src=""http://www.tokyo-aircon.net/images/ind_aircon/ind-t200.png""><img src=""http://www.tokyo-aircon.net/images/ind_aircon/ind-wireless.png"">",panasonic_housing/201403/xcs-b251cc2-s-wood.jpg,"【パナソニック ハウジングエアコン】<br>天井ビルトイン1方向タイプ 8畳程度<br>シングル 単相200V ワイヤレス<br /><img src=""http://www.tokyo-aircon.net/images/ind_aircon/ind-t2002.png""><img src=""http://www.tokyo-aircon.net/images/ind_aircon/ind-wireless2.png"">",panasonic_housing/201403/xcs-b251cc2-s-wood.jpg,,,"<ul><li><font style=""color:red;"">※パネルタイプをお選び下さい</font></li><li><font style=""color: red;"">※パネル・リモコンを含んだ金額になります</font></li><li>※全国送料無料（一部地域を除く）</li><li>※メーカー1年保証付き</li></ul>",,panasonic_housing/201403/sub/cu-b251cg2.jpg,,,,panasonic_housing/201403/sub/rc1.jpg,,,,panasonic_housing/201403/sub/panel2.jpg,,"<div class=""set"">▼セット内容<br />室内機：CS-B251CC2 x 1<br />室外機：CU-B251CG2 x 1<br />リモコン：同梱リモコン x 1<br />パネル：CZ-BT11-M x 1<br /></div>",,,,,,,2,0,1,XCS-B251CC2-S-wood,,1,,347760,347760,,0,,,,,,,,,,,,,,,,,"200201,210004",
500421,,,,,,,,6,パナソニック,【パナソニック】 天井ビルトイン1方向タイプ 10畳程度 シングル,1,,"XCS-B281CC2/S｜【パナソニック ハウジングエアコン】 天井ビルトイン1方向タイプ 10畳程度 シングル 単相200V ワイヤレス｜販売価格:374,220｜「東京空調センター」では、ハウジングエアコンを驚きの価格でご提供いたします。日本全国送料無料です。",【パナソニック ハウジングエアコン】<br>天井ビルトイン1方向タイプ 10畳程度<br>シングル 単相200V ワイヤレス,XCS-B281CC2-S,"ホワイト,ライトブラウン",,,"<img src=""http://www.tokyo-aircon.net/images/ind_aircon/ind-t200.png""><img src=""http://www.tokyo-aircon.net/images/ind_aircon/ind-wireless.png"">",panasonic_housing/201403/xcs-b281cc2-s.jpg,"【パナソニック ハウジングエアコン】<br>天井ビルトイン1方向タイプ 10畳程度<br>シングル 単相200V ワイヤレス<br /><img src=""http://www.tokyo-aircon.net/images/ind_aircon/ind-t2002.png""><img src=""http://www.tokyo-aircon.net/images/ind_aircon/ind-wireless2.png"">",panasonic_housing/201403/xcs-b281cc2-s.jpg,,,"<ul><li><font style=""color:red;"">※パネルタイプをお選び下さい</font></li><li><font style=""color: red;"">※パネル・リモコンを含んだ金額になります</font></li><li>※全国送料無料（一部地域を除く）</li><li>※メーカー1年保証付き</li></ul>",,panasonic_housing/201403/sub/cu-b281cg2.jpg,,,,panasonic_housing/201403/sub/rc1.jpg,,,,panasonic_housing/201403/sub/panel3.jpg,,"<div class=""set"">▼セット内容<br />室内機：CS-B281CC2 x 1<br />室外機：CU-B281CG2 x 1<br />リモコン：同梱リモコン x 1<br />パネル：CZ-BT10-W x 1<br /></div>",,,,,,,2,0,1,XCS-B281CC2-S,,1,,356400,356400,,0,,,,,,,,,,,,,,,,,"200201,210005",
500422,,,,,,,,6,パナソニック,【パナソニック】 天井ビルトイン1方向タイプ 10畳程度 シングル,1,,"XCS-B281CC2/S-wood｜【パナソニック ハウジングエアコン】 天井ビルトイン1方向タイプ 10畳程度 シングル 単相200V ワイヤレス｜販売価格:387,828｜「東京空調センター」では、ハウジングエアコンを驚きの価格でご提供いたします。日本全国送料無料です。",【パナソニック ハウジングエアコン】<br>天井ビルトイン1方向タイプ 10畳程度<br>シングル 単相200V ワイヤレス,XCS-B281CC2-S-wood,木目調,,,"<img src=""http://www.tokyo-aircon.net/images/ind_aircon/ind-t200.png""><img src=""http://www.tokyo-aircon.net/images/ind_aircon/ind-wireless.png"">",panasonic_housing/201403/xcs-b281cc2-s-wood.jpg,"【パナソニック ハウジングエアコン】<br>天井ビルトイン1方向タイプ 10畳程度<br>シングル 単相200V ワイヤレス<br /><img src=""http://www.tokyo-aircon.net/images/ind_aircon/ind-t2002.png""><img src=""http://www.tokyo-aircon.net/images/ind_aircon/ind-wireless2.png"">",panasonic_housing/201403/xcs-b281cc2-s-wood.jpg,,,"<ul><li><font style=""color:red;"">※パネルタイプをお選び下さい</font></li><li><font style=""color: red;"">※パネル・リモコンを含んだ金額になります</font></li><li>※全国送料無料（一部地域を除く）</li><li>※メーカー1年保証付き</li></ul>",,panasonic_housing/201403/sub/cu-b281cg2.jpg,,,,panasonic_housing/201403/sub/rc1.jpg,,,,panasonic_housing/201403/sub/panel2.jpg,,"<div class=""set"">▼セット内容<br />室内機：CS-B281CC2 x 1<br />室外機：CU-B281CG2 x 1<br />リモコン：同梱リモコン x 1<br />パネル：CZ-BT11-M x 1<br /></div>",,,,,,,2,0,1,XCS-B281CC2-S-wood,,1,,369360,369360,,0,,,,,,,,,,,,,,,,,"200201,210005",
500423,,,,,,,,6,パナソニック,【パナソニック】 天井ビルトイン1方向タイプ 12畳程度 シングル,1,,"XCS-B361CC2/S｜【パナソニック ハウジングエアコン】 天井ビルトイン1方向タイプ 12畳程度 シングル 単相200V ワイヤレス｜販売価格:408,240｜「東京空調センター」では、ハウジングエアコンを驚きの価格でご提供いたします。日本全国送料無料です。",【パナソニック ハウジングエアコン】<br>天井ビルトイン1方向タイプ 12畳程度<br>シングル 単相200V ワイヤレス,XCS-B361CC2-S,"ホワイト,ライトブラウン",,,"<img src=""http://www.tokyo-aircon.net/images/ind_aircon/ind-t200.png""><img src=""http://www.tokyo-aircon.net/images/ind_aircon/ind-wireless.png"">",panasonic_housing/201403/xcs-b361cc2-s.jpg,"【パナソニック ハウジングエアコン】<br>天井ビルトイン1方向タイプ 12畳程度<br>シングル 単相200V ワイヤレス<br /><img src=""http://www.tokyo-aircon.net/images/ind_aircon/ind-t2002.png""><img src=""http://www.tokyo-aircon.net/images/ind_aircon/ind-wireless2.png"">",panasonic_housing/201403/xcs-b361cc2-s.jpg,,,"<ul><li><font style=""color:red;"">※パネルタイプをお選び下さい</font></li><li><font style=""color: red;"">※パネル・リモコンを含んだ金額になります</font></li><li>※全国送料無料（一部地域を除く）</li><li>※メーカー1年保証付き</li></ul>",,panasonic_housing/201403/sub/cu-b361cg2.jpg,,,,panasonic_housing/201403/sub/rc1.jpg,,,,panasonic_housing/201403/sub/panel3.jpg,,"<div class=""set"">▼セット内容<br />室内機：CS-B361CC2 x 1<br />室外機：CU-B361CG2 x 1<br />リモコン：同梱リモコン x 1<br />パネル：CZ-BT10-W x 1<br /></div>",,,,,,,2,0,1,XCS-B361CC2-S,,1,,388800,388800,,0,,,,,,,,,,,,,,,,,"200201,210006",
500424,,,,,,,,6,パナソニック,【パナソニック】 天井ビルトイン1方向タイプ 12畳程度 シングル,1,,"XCS-B361CC2/S-wood｜【パナソニック ハウジングエアコン】 天井ビルトイン1方向タイプ 12畳程度 シングル 単相200V ワイヤレス｜販売価格:421,848｜「東京空調センター」では、ハウジングエアコンを驚きの価格でご提供いたします。日本全国送料無料です。",【パナソニック ハウジングエアコン】<br>天井ビルトイン1方向タイプ 12畳程度<br>シングル 単相200V ワイヤレス,XCS-B361CC2-S-wood,木目調,,,"<img src=""http://www.tokyo-aircon.net/images/ind_aircon/ind-t200.png""><img src=""http://www.tokyo-aircon.net/images/ind_aircon/ind-wireless.png"">",panasonic_housing/201403/xcs-b361cc2-s-wood.jpg,"【パナソニック ハウジングエアコン】<br>天井ビルトイン1方向タイプ 12畳程度<br>シングル 単相200V ワイヤレス<br /><img src=""http://www.tokyo-aircon.net/images/ind_aircon/ind-t2002.png""><img src=""http://www.tokyo-aircon.net/images/ind_aircon/ind-wireless2.png"">",panasonic_housing/201403/xcs-b361cc2-s-wood.jpg,,,"<ul><li><font style=""color:red;"">※パネルタイプをお選び下さい</font></li><li><font style=""color: red;"">※パネル・リモコンを含んだ金額になります</font></li><li>※全国送料無料（一部地域を除く）</li><li>※メーカー1年保証付き</li></ul>",,panasonic_housing/201403/sub/cu-b361cg2.jpg,,,,panasonic_housing/201403/sub/rc1.jpg,,,,panasonic_housing/201403/sub/panel2.jpg,,"<div class=""set"">▼セット内容<br />室内機：CS-B361CC2 x 1<br />室外機：CU-B361CG2 x 1<br />リモコン：同梱リモコン x 1<br />パネル：CZ-BT11-M x 1<br /></div>",,,,,,,2,0,1,XCS-B361CC2-S-wood,,1,,401760,401760,,0,,,,,,,,,,,,,,,,,"200201,210006",
500425,,,,,,,,6,パナソニック,【パナソニック】 天井ビルトイン1方向タイプ 14畳程度 シングル,1,,"XCS-B401CC2/S｜【パナソニック ハウジングエアコン】 天井ビルトイン1方向タイプ 14畳程度 シングル 単相200V ワイヤレス｜販売価格:470,610｜「東京空調センター」では、ハウジングエアコンを驚きの価格でご提供いたします。日本全国送料無料です。",【パナソニック ハウジングエアコン】<br>天井ビルトイン1方向タイプ 14畳程度<br>シングル 単相200V ワイヤレス,XCS-B401CC2-S,"ホワイト,ライトブラウン",,,"<img src=""http://www.tokyo-aircon.net/images/ind_aircon/ind-t200.png""><img src=""http://www.tokyo-aircon.net/images/ind_aircon/ind-wireless.png"">",panasonic_housing/201403/xcs-b401cc2-s.jpg,"【パナソニック ハウジングエアコン】<br>天井ビルトイン1方向タイプ 14畳程度<br>シングル 単相200V ワイヤレス<br /><img src=""http://www.tokyo-aircon.net/images/ind_aircon/ind-t2002.png""><img src=""http://www.tokyo-aircon.net/images/ind_aircon/ind-wireless2.png"">",panasonic_housing/201403/xcs-b401cc2-s.jpg,,,"<ul><li><font style=""color:red;"">※パネルタイプをお選び下さい</font></li><li><font style=""color: red;"">※パネル・リモコンを含んだ金額になります</font></li><li>※全国送料無料（一部地域を除く）</li><li>※メーカー1年保証付き</li></ul>",,panasonic_housing/201403/sub/cu-b401cg2.jpg,,,,panasonic_housing/201403/sub/rc1.jpg,,,,panasonic_housing/201403/sub/panel3.jpg,,"<div class=""set"">▼セット内容<br />室内機：CS-B401CC2 x 1<br />室外機：CU-B401CG2 x 1<br />リモコン：同梱リモコン x 1<br />パネル：CZ-BT10-W x 1<br /></div>",,,,,,,2,0,1,XCS-B401CC2-S,,1,,448200,448200,,0,,,,,,,,,,,,,,,,,"200201,210007",
500426,,,,,,,,6,パナソニック,【パナソニック】 天井ビルトイン1方向タイプ 14畳程度 シングル,1,,"XCS-B401CC2/S-wood｜【パナソニック ハウジングエアコン】 天井ビルトイン1方向タイプ 14畳程度 シングル 単相200V ワイヤレス｜販売価格:484,218｜「東京空調センター」では、ハウジングエアコンを驚きの価格でご提供いたします。日本全国送料無料です。",【パナソニック ハウジングエアコン】<br>天井ビルトイン1方向タイプ 14畳程度<br>シングル 単相200V ワイヤレス,XCS-B401CC2-S-wood,木目調,,,"<img src=""http://www.tokyo-aircon.net/images/ind_aircon/ind-t200.png""><img src=""http://www.tokyo-aircon.net/images/ind_aircon/ind-wireless.png"">",panasonic_housing/201403/xcs-b401cc2-s-wood.jpg,"【パナソニック ハウジングエアコン】<br>天井ビルトイン1方向タイプ 14畳程度<br>シングル 単相200V ワイヤレス<br /><img src=""http://www.tokyo-aircon.net/images/ind_aircon/ind-t2002.png""><img src=""http://www.tokyo-aircon.net/images/ind_aircon/ind-wireless2.png"">",panasonic_housing/201403/xcs-b401cc2-s-wood.jpg,,,"<ul><li><font style=""color:red;"">※パネルタイプをお選び下さい</font></li><li><font style=""color: red;"">※パネル・リモコンを含んだ金額になります</font></li><li>※全国送料無料（一部地域を除く）</li><li>※メーカー1年保証付き</li></ul>",,panasonic_housing/201403/sub/cu-b401cg2.jpg,,,,panasonic_housing/201403/sub/rc1.jpg,,,,panasonic_housing/201403/sub/panel2.jpg,,"<div class=""set"">▼セット内容<br />室内機：CS-B401CC2 x 1<br />室外機：CU-B401CG2 x 1<br />リモコン：同梱リモコン x 1<br />パネル：CZ-BT11-M x 1<br /></div>",,,,,,,2,0,1,XCS-B401CC2-S-wood,,1,,461160,461160,,0,,,,,,,,,,,,,,,,,"200201,210007",
500427,,,,,,,,6,パナソニック,【パナソニック】 天井ビルトイン1方向タイプ 16畳程度 シングル,1,,"XCS-B502CC2/S｜【パナソニック ハウジングエアコン】 天井ビルトイン1方向タイプ 16畳程度 シングル 単相200V ワイヤレス｜販売価格:638,442｜「東京空調センター」では、ハウジングエアコンを驚きの価格でご提供いたします。日本全国送料無料です。",【パナソニック ハウジングエアコン】<br>天井ビルトイン1方向タイプ 16畳程度<br>シングル 単相200V ワイヤレス,XCS-B502CC2-S,"フレッシュホワイト,ホワイト,ブラウン",,,"<img src=""http://www.tokyo-aircon.net/images/ind_aircon/ind-t200.png""><img src=""http://www.tokyo-aircon.net/images/ind_aircon/ind-wireless.png"">",panasonic_housing/201403/xcs-b502cc2-s.jpg,"【パナソニック ハウジングエアコン】<br>天井ビルトイン1方向タイプ 16畳程度<br>シングル 単相200V ワイヤレス<br /><img src=""http://www.tokyo-aircon.net/images/ind_aircon/ind-t2002.png""><img src=""http://www.tokyo-aircon.net/images/ind_aircon/ind-wireless2.png"">",panasonic_housing/201403/xcs-b502cc2-s.jpg,,,"<ul><li><font style=""color:red;"">※パネルタイプをお選び下さい</font></li><li><font style=""color: red;"">※パネル・リモコンを含んだ金額になります</font></li><li>※全国送料無料（一部地域を除く）</li><li>※メーカー1年保証付き</li></ul>",,panasonic_housing/201403/sub/cu-b502cc2.jpg,,,,panasonic_housing/201403/sub/rc2.jpg,,,,panasonic_housing/201403/sub/panel5.jpg,,"<div class=""set"">▼セット内容<br />室内機：CS-B502CC2 x 1<br />室外機：CU-B502CC2 x 1<br />リモコン：同梱リモコン x 1<br />パネル：CZ-BT21-WF x 1<br /></div>",,,,,,,2,0,1,XCS-B502CC2-S,,1,,608040,608040,,0,,,,,,,,,,,,,,,,,"200201,210010",
500428,,,,,,,,6,パナソニック,【パナソニック】 天井ビルトイン1方向タイプ 16畳程度 シングル,1,,"XCS-B502CC2/S-wood｜【パナソニック ハウジングエアコン】 天井ビルトイン1方向タイプ 16畳程度 シングル 単相200V ワイヤレス｜販売価格:649,782｜「東京空調センター」では、ハウジングエアコンを驚きの価格でご提供いたします。日本全国送料無料です。",【パナソニック ハウジングエアコン】<br>天井ビルトイン1方向タイプ 16畳程度<br>シングル 単相200V ワイヤレス,XCS-B502CC2-S-wood,木目調,,,"<img src=""http://www.tokyo-aircon.net/images/ind_aircon/ind-t200.png""><img src=""http://www.tokyo-aircon.net/images/ind_aircon/ind-wireless.png"">",panasonic_housing/201403/xcs-b502cc2-s-wood.jpg,"【パナソニック ハウジングエアコン】<br>天井ビルトイン1方向タイプ 16畳程度<br>シングル 単相200V ワイヤレス<br /><img src=""http://www.tokyo-aircon.net/images/ind_aircon/ind-t2002.png""><img src=""http://www.tokyo-aircon.net/images/ind_aircon/ind-wireless2.png"">",panasonic_housing/201403/xcs-b502cc2-s-wood.jpg,,,"<ul><li><font style=""color:red;"">※パネルタイプをお選び下さい</font></li><li><font style=""color: red;"">※パネル・リモコンを含んだ金額になります</font></li><li>※全国送料無料（一部地域を除く）</li><li>※メーカー1年保証付き</li></ul>",,panasonic_housing/201403/sub/cu-b502cc2.jpg,,,,panasonic_housing/201403/sub/rc2.jpg,,,,panasonic_housing/201403/sub/panel6.jpg,,"<div class=""set"">▼セット内容<br />室内機：CS-B502CC2 x 1<br />室外機：CU-B502CC2 x 1<br />リモコン：同梱リモコン x 1<br />パネル：CZ-BT21-M x 1<br /></div>",,,,,,,2,0,1,XCS-B502CC2-S-wood,,1,,618840,618840,,0,,,,,,,,,,,,,,,,,"200201,210010",
500429,,,,,,,,6,パナソニック,【パナソニック】 天井ビルトイン1方向タイプ 18畳程度 シングル,1,,"XCS-B562CC2/S｜【パナソニック ハウジングエアコン】 天井ビルトイン1方向タイプ 18畳程度 シングル 単相200V ワイヤレス｜販売価格:751,842｜「東京空調センター」では、ハウジングエアコンを驚きの価格でご提供いたします。日本全国送料無料です。",【パナソニック ハウジングエアコン】<br>天井ビルトイン1方向タイプ 18畳程度<br>シングル 単相200V ワイヤレス,XCS-B562CC2-S,"フレッシュホワイト,ホワイト,ブラウン",,,"<img src=""http://www.tokyo-aircon.net/images/ind_aircon/ind-t200.png""><img src=""http://www.tokyo-aircon.net/images/ind_aircon/ind-wireless.png"">",panasonic_housing/201403/xcs-b562cc2-s.jpg,"【パナソニック ハウジングエアコン】<br>天井ビルトイン1方向タイプ 18畳程度<br>シングル 単相200V ワイヤレス<br /><img src=""http://www.tokyo-aircon.net/images/ind_aircon/ind-t2002.png""><img src=""http://www.tokyo-aircon.net/images/ind_aircon/ind-wireless2.png"">",panasonic_housing/201403/xcs-b562cc2-s.jpg,,,"<ul><li><font style=""color:red;"">※パネルタイプをお選び下さい</font></li><li><font style=""color: red;"">※パネル・リモコンを含んだ金額になります</font></li><li>※全国送料無料（一部地域を除く）</li><li>※メーカー1年保証付き</li></ul>",,panasonic_housing/201403/sub/cu-b562cc2.jpg,,,,panasonic_housing/201403/sub/rc2.jpg,,,,panasonic_housing/201403/sub/panel5.jpg,,"<div class=""set"">▼セット内容<br />室内機：CS-B562CC2 x 1<br />室外機：CU-B562CC2 x 1<br />リモコン：同梱リモコン x 1<br />パネル：CZ-BT21-WF x 1<br /></div>",,,,,,,2,0,1,XCS-B562CC2-S,,1,,716040,716040,,0,,,,,,,,,,,,,,,,,"200201,210014",
500430,,,,,,,,6,パナソニック,【パナソニック】 天井ビルトイン1方向タイプ 18畳程度 シングル,1,,"XCS-B562CC2/S-wood｜【パナソニック ハウジングエアコン】 天井ビルトイン1方向タイプ 18畳程度 シングル 単相200V ワイヤレス｜販売価格:763,182｜「東京空調センター」では、ハウジングエアコンを驚きの価格でご提供いたします。日本全国送料無料です。",【パナソニック ハウジングエアコン】<br>天井ビルトイン1方向タイプ 18畳程度<br>シングル 単相200V ワイヤレス,XCS-B562CC2-S-wood,木目調,,,"<img src=""http://www.tokyo-aircon.net/images/ind_aircon/ind-t200.png""><img src=""http://www.tokyo-aircon.net/images/ind_aircon/ind-wireless.png"">",panasonic_housing/201403/xcs-b562cc2-s-wood.jpg,"【パナソニック ハウジングエアコン】<br>天井ビルトイン1方向タイプ 18畳程度<br>シングル 単相200V ワイヤレス<br /><img src=""http://www.tokyo-aircon.net/images/ind_aircon/ind-t2002.png""><img src=""http://www.tokyo-aircon.net/images/ind_aircon/ind-wireless2.png"">",panasonic_housing/201403/xcs-b562cc2-s-wood.jpg,,,"<ul><li><font style=""color:red;"">※パネルタイプをお選び下さい</font></li><li><font style=""color: red;"">※パネル・リモコンを含んだ金額になります</font></li><li>※全国送料無料（一部地域を除く）</li><li>※メーカー1年保証付き</li></ul>",,panasonic_housing/201403/sub/cu-b562cc2.jpg,,,,panasonic_housing/201403/sub/rc2.jpg,,,,panasonic_housing/201403/sub/panel6.jpg,,"<div class=""set"">▼セット内容<br />室内機：CS-B562CC2 x 1<br />室外機：CU-B562CC2 x 1<br />リモコン：同梱リモコン x 1<br />パネル：CZ-BT21-M x 1<br /></div>",,,,,,,2,0,1,XCS-B562CC2-S-wood,,1,,726840,726840,,0,,,,,,,,,,,,,,,,,"200201,210014",
500431,,,,,,,,6,パナソニック,【パナソニック】 天井ビルトイン2方向タイプ 14畳程度 シングル,1,,"XCS-B402CW2/S｜【パナソニック ハウジングエアコン】 天井ビルトイン2方向タイプ 14畳程度 シングル 単相200V ワイヤレス｜販売価格:589,680｜「東京空調センター」では、ハウジングエアコンを驚きの価格でご提供いたします。日本全国送料無料です。",【パナソニック ハウジングエアコン】<br>天井ビルトイン2方向タイプ 14畳程度<br>シングル 単相200V ワイヤレス,XCS-B402CW2-S,"ホワイト,ライトブラウン",,,"<img src=""http://www.tokyo-aircon.net/images/ind_aircon/ind-t200.png""><img src=""http://www.tokyo-aircon.net/images/ind_aircon/ind-wireless.png"">",panasonic_housing/201403/xcs-b402cw2-s.jpg,"【パナソニック ハウジングエアコン】<br>天井ビルトイン2方向タイプ 14畳程度<br>シングル 単相200V ワイヤレス<br /><img src=""http://www.tokyo-aircon.net/images/ind_aircon/ind-t2002.png""><img src=""http://www.tokyo-aircon.net/images/ind_aircon/ind-wireless2.png"">",panasonic_housing/201403/xcs-b402cw2-s.jpg,,,"<ul><li><font style=""color:red;"">※パネルタイプをお選び下さい</font></li><li><font style=""color: red;"">※パネル・リモコンを含んだ金額になります</font></li><li>※全国送料無料（一部地域を除く）</li><li>※メーカー1年保証付き</li></ul>",,panasonic_housing/201403/sub/cu-b402cw2.jpg,,,,panasonic_housing/201403/sub/rc2.jpg,,,,panasonic_housing/201403/sub/panel7.jpg,,"<div class=""set"">▼セット内容<br />室内機：CS-B402CW2 x 1<br />室外機：CU-B402CW2 x 1<br />リモコン：同梱リモコン x 1<br />パネル：CZ-BT15P-W x 1<br /></div>",,,,,,,2,0,1,XCS-B402CW2-S,,1,,561600,561600,,0,,,,,,,,,,,,,,,,,"200202,210037",
500432,,,,,,,,6,パナソニック,【パナソニック】 天井ビルトイン2方向タイプ 16畳程度 シングル,1,,"XCS-B502CW2/S｜【パナソニック ハウジングエアコン】 天井ビルトイン2方向タイプ 16畳程度 シングル 単相200V ワイヤレス｜販売価格:686,070｜「東京空調センター」では、ハウジングエアコンを驚きの価格でご提供いたします。日本全国送料無料です。",【パナソニック ハウジングエアコン】<br>天井ビルトイン2方向タイプ 16畳程度<br>シングル 単相200V ワイヤレス,XCS-B502CW2-S,"ホワイト,ライトブラウン",,,"<img src=""http://www.tokyo-aircon.net/images/ind_aircon/ind-t200.png""><img src=""http://www.tokyo-aircon.net/images/ind_aircon/ind-wireless.png"">",panasonic_housing/201403/xcs-b502cw2-s.jpg,"【パナソニック ハウジングエアコン】<br>天井ビルトイン2方向タイプ 16畳程度<br>シングル 単相200V ワイヤレス<br /><img src=""http://www.tokyo-aircon.net/images/ind_aircon/ind-t2002.png""><img src=""http://www.tokyo-aircon.net/images/ind_aircon/ind-wireless2.png"">",panasonic_housing/201403/xcs-b502cw2-s.jpg,,,"<ul><li><font style=""color:red;"">※パネルタイプをお選び下さい</font></li><li><font style=""color: red;"">※パネル・リモコンを含んだ金額になります</font></li><li>※全国送料無料（一部地域を除く）</li><li>※メーカー1年保証付き</li></ul>",,panasonic_housing/201403/sub/cu-b502cw2.jpg,,,,panasonic_housing/201403/sub/rc2.jpg,,,,panasonic_housing/201403/sub/panel7.jpg,,"<div class=""set"">▼セット内容<br />室内機：CS-B502CW2 x 1<br />室外機：CU-B502CW2 x 1<br />リモコン：同梱リモコン x 1<br />パネル：CZ-BT15P-W x 1<br /></div>",,,,,,,2,0,1,XCS-B502CW2-S,,1,,653400,653400,,0,,,,,,,,,,,,,,,,,"200202,210040",
500433,,,,,,,,6,パナソニック,【パナソニック】 壁ビルトイン 6畳程度 シングル,1,,"XCS-B221CK2/S｜【パナソニック ハウジングエアコン】 壁ビルトイン 6畳程度 シングル 単相200V ワイヤレス｜販売価格:340,200｜「東京空調センター」では、ハウジングエアコンを驚きの価格でご提供いたします。日本全国送料無料です。",【パナソニック ハウジングエアコン】<br>壁ビルトイン 6畳程度<br>シングル 単相200V ワイヤレス,XCS-B221CK2-S,和風グリル,,,"<img src=""http://www.tokyo-aircon.net/images/ind_aircon/ind-t200.png""><img src=""http://www.tokyo-aircon.net/images/ind_aircon/ind-wireless.png"">",panasonic_housing/201403/xcs-b221ck2-s.jpg,"【パナソニック ハウジングエアコン】<br>壁ビルトイン 6畳程度<br>シングル 単相200V ワイヤレス<br /><img src=""http://www.tokyo-aircon.net/images/ind_aircon/ind-t2002.png""><img src=""http://www.tokyo-aircon.net/images/ind_aircon/ind-wireless2.png"">",panasonic_housing/201403/xcs-b221ck2-s.jpg,,,"<ul><li><font style=""color:red;"">※パネルタイプをお選び下さい</font></li><li><font style=""color: red;"">※パネル・リモコンを含んだ金額になります</font></li><li>※全国送料無料（一部地域を除く）</li><li>※メーカー1年保証付き</li></ul>",,panasonic_housing/201403/sub/cu-b221cg2.jpg,,,,panasonic_housing/201403/sub/rc1.jpg,,,,panasonic_housing/201403/sub/panel8.jpg,,"<div class=""set"">▼セット内容<br />室内機：CS-B221CK2 x 1<br />室外機：CU-B221CG2 x 1<br />リモコン：同梱リモコン x 1<br />前面グリル：CZ-BKG12 x 1<br /></div>",,,,,,,2,0,1,XCS-B221CK2-S,,1,,324000,324000,,0,,,,,,,,,,,,,,,,,"200204,210093",
500434,,,,,,,,6,パナソニック,【パナソニック】 壁ビルトイン 8畳程度 シングル,1,,"XCS-B251CK2/S｜【パナソニック ハウジングエアコン】 壁ビルトイン 8畳程度 シングル 単相200V ワイヤレス｜販売価格:351,540｜「東京空調センター」では、ハウジングエアコンを驚きの価格でご提供いたします。日本全国送料無料です。",【パナソニック ハウジングエアコン】<br>壁ビルトイン 8畳程度<br>シングル 単相200V ワイヤレス,XCS-B251CK2-S,和風グリル,,,"<img src=""http://www.tokyo-aircon.net/images/ind_aircon/ind-t200.png""><img src=""http://www.tokyo-aircon.net/images/ind_aircon/ind-wireless.png"">",panasonic_housing/201403/xcs-b251ck2-s.jpg,"【パナソニック ハウジングエアコン】<br>壁ビルトイン 8畳程度<br>シングル 単相200V ワイヤレス<br /><img src=""http://www.tokyo-aircon.net/images/ind_aircon/ind-t2002.png""><img src=""http://www.tokyo-aircon.net/images/ind_aircon/ind-wireless2.png"">",panasonic_housing/201403/xcs-b251ck2-s.jpg,,,"<ul><li><font style=""color:red;"">※パネルタイプをお選び下さい</font></li><li><font style=""color: red;"">※パネル・リモコンを含んだ金額になります</font></li><li>※全国送料無料（一部地域を除く）</li><li>※メーカー1年保証付き</li></ul>",,panasonic_housing/201403/sub/cu-b251cg2.jpg,,,,panasonic_housing/201403/sub/rc1.jpg,,,,panasonic_housing/201403/sub/panel8.jpg,,"<div class=""set"">▼セット内容<br />室内機：CS-B251CK2 x 1<br />室外機：CU-B251CG2 x 1<br />リモコン：同梱リモコン x 1<br />前面グリル：CZ-BKG12 x 1<br /></div>",,,,,,,2,0,1,XCS-B251CK2-S,,1,,334800,334800,,0,,,,,,,,,,,,,,,,,"200204,210094",
500435,,,,,,,,6,パナソニック,【パナソニック】 壁ビルトイン 10畳程度 シングル,1,,"XCS-B281CK2/S｜【パナソニック ハウジングエアコン】 壁ビルトイン 10畳程度 シングル 単相200V ワイヤレス｜販売価格:374,220｜「東京空調センター」では、ハウジングエアコンを驚きの価格でご提供いたします。日本全国送料無料です。",【パナソニック ハウジングエアコン】<br>壁ビルトイン 10畳程度<br>シングル 単相200V ワイヤレス,XCS-B281CK2-S,和風グリル,,,"<img src=""http://www.tokyo-aircon.net/images/ind_aircon/ind-t200.png""><img src=""http://www.tokyo-aircon.net/images/ind_aircon/ind-wireless.png"">",panasonic_housing/201403/xcs-b281ck2-s.jpg,"【パナソニック ハウジングエアコン】<br>壁ビルトイン 10畳程度<br>シングル 単相200V ワイヤレス<br /><img src=""http://www.tokyo-aircon.net/images/ind_aircon/ind-t2002.png""><img src=""http://www.tokyo-aircon.net/images/ind_aircon/ind-wireless2.png"">",panasonic_housing/201403/xcs-b281ck2-s.jpg,,,"<ul><li><font style=""color:red;"">※パネルタイプをお選び下さい</font></li><li><font style=""color: red;"">※パネル・リモコンを含んだ金額になります</font></li><li>※全国送料無料（一部地域を除く）</li><li>※メーカー1年保証付き</li></ul>",,panasonic_housing/201403/sub/cu-b281cg2.jpg,,,,panasonic_housing/201403/sub/rc1.jpg,,,,panasonic_housing/201403/sub/panel8.jpg,,"<div class=""set"">▼セット内容<br />室内機：CS-B281CK2 x 1<br />室外機：CU-B281CG2 x 1<br />リモコン：同梱リモコン x 1<br />前面グリル：CZ-BKG12 x 1<br /></div>",,,,,,,2,0,1,XCS-B281CK2-S,,1,,356400,356400,,0,,,,,,,,,,,,,,,,,"200204,210095",
500436,,,,,,,,6,パナソニック,【パナソニック】 壁ビルトイン 12畳程度 シングル,1,,"XCS-B361CK2/S｜【パナソニック ハウジングエアコン】 壁ビルトイン 12畳程度 シングル 単相200V ワイヤレス｜販売価格:408,240｜「東京空調センター」では、ハウジングエアコンを驚きの価格でご提供いたします。日本全国送料無料です。",【パナソニック ハウジングエアコン】<br>壁ビルトイン 12畳程度<br>シングル 単相200V ワイヤレス,XCS-B361CK2-S,和風グリル,,,"<img src=""http://www.tokyo-aircon.net/images/ind_aircon/ind-t200.png""><img src=""http://www.tokyo-aircon.net/images/ind_aircon/ind-wireless.png"">",panasonic_housing/201403/xcs-b361ck2-s.jpg,"【パナソニック ハウジングエアコン】<br>壁ビルトイン 12畳程度<br>シングル 単相200V ワイヤレス<br /><img src=""http://www.tokyo-aircon.net/images/ind_aircon/ind-t2002.png""><img src=""http://www.tokyo-aircon.net/images/ind_aircon/ind-wireless2.png"">",panasonic_housing/201403/xcs-b361ck2-s.jpg,,,"<ul><li><font style=""color:red;"">※パネルタイプをお選び下さい</font></li><li><font style=""color: red;"">※パネル・リモコンを含んだ金額になります</font></li><li>※全国送料無料（一部地域を除く）</li><li>※メーカー1年保証付き</li></ul>",,panasonic_housing/201403/sub/cu-b361cg2.jpg,,,,panasonic_housing/201403/sub/rc1.jpg,,,,panasonic_housing/201403/sub/panel8.jpg,,"<div class=""set"">▼セット内容<br />室内機：CS-B361CK2 x 1<br />室外機：CU-B361CG2 x 1<br />リモコン：同梱リモコン x 1<br />前面グリル：CZ-BKG12 x 1<br /></div>",,,,,,,2,0,1,XCS-B361CK2-S,,1,,388800,388800,,0,,,,,,,,,,,,,,,,,"200204,210096",
500437,,,,,,,,6,パナソニック,【パナソニック】 壁ビルトイン 14畳程度 シングル,1,,"XCS-B401CK2/S｜【パナソニック ハウジングエアコン】 壁ビルトイン 14畳程度 シングル 単相200V ワイヤレス｜販売価格:470,610｜「東京空調センター」では、ハウジングエアコンを驚きの価格でご提供いたします。日本全国送料無料です。",【パナソニック ハウジングエアコン】<br>壁ビルトイン 14畳程度<br>シングル 単相200V ワイヤレス,XCS-B401CK2-S,和風グリル,,,"<img src=""http://www.tokyo-aircon.net/images/ind_aircon/ind-t200.png""><img src=""http://www.tokyo-aircon.net/images/ind_aircon/ind-wireless.png"">",panasonic_housing/201403/xcs-b401ck2-s.jpg,"【パナソニック ハウジングエアコン】<br>壁ビルトイン 14畳程度<br>シングル 単相200V ワイヤレス<br /><img src=""http://www.tokyo-aircon.net/images/ind_aircon/ind-t2002.png""><img src=""http://www.tokyo-aircon.net/images/ind_aircon/ind-wireless2.png"">",panasonic_housing/201403/xcs-b401ck2-s.jpg,,,"<ul><li><font style=""color:red;"">※パネルタイプをお選び下さい</font></li><li><font style=""color: red;"">※パネル・リモコンを含んだ金額になります</font></li><li>※全国送料無料（一部地域を除く）</li><li>※メーカー1年保証付き</li></ul>",,panasonic_housing/201403/sub/cu-b401cg2.jpg,,,,panasonic_housing/201403/sub/rc1.jpg,,,,panasonic_housing/201403/sub/panel8.jpg,,"<div class=""set"">▼セット内容<br />室内機：CS-B401CK2 x 1<br />室外機：CU-B401CG2 x 1<br />リモコン：同梱リモコン x 1<br />前面グリル：CZ-BKG12 x 1<br /></div>",,,,,,,2,0,1,XCS-B401CK2-S,,1,,448200,448200,,0,,,,,,,,,,,,,,,,,"200204,210097",
500438,,,,,,,,6,パナソニック,【パナソニック】 フリービルトイン 10畳程度 シングル,1,,"XCS-B281CA2/S｜【パナソニック ハウジングエアコン】 フリービルトイン 10畳程度 シングル 単相200V ワイヤレス｜販売価格:357,210｜「東京空調センター」では、ハウジングエアコンを驚きの価格でご提供いたします。日本全国送料無料です。",【パナソニック ハウジングエアコン】<br>フリービルトイン 10畳程度<br>シングル 単相200V ワイヤレス,XCS-B281CA2-S,,,,"<img src=""http://www.tokyo-aircon.net/images/ind_aircon/ind-t200.png""><img src=""http://www.tokyo-aircon.net/images/ind_aircon/ind-wireless.png"">",panasonic_housing/201403/xcs-b281ca2-s.jpg,"【パナソニック ハウジングエアコン】<br>フリービルトイン 10畳程度<br>シングル 単相200V ワイヤレス<br /><img src=""http://www.tokyo-aircon.net/images/ind_aircon/ind-t2002.png""><img src=""http://www.tokyo-aircon.net/images/ind_aircon/ind-wireless2.png"">",panasonic_housing/201403/xcs-b281ca2-s.jpg,,,"<ul><li><font style=""color: red;"">※リモコンを含んだ金額になります</font></li><li>※全国送料無料（一部地域を除く）</li><li>※メーカー1年保証付き</li></ul>",,panasonic_housing/201403/sub/cu-b281cg2.jpg,,,,panasonic_housing/201403/sub/rc1.jpg,,,,,,"<div class=""set"">▼セット内容<br />室内機：CS-B281CA2 x 1<br />室外機：CU-B281CG2 x 1<br />リモコン：同梱リモコン x 1<br /></div>",,,,,,,2,0,1,XCS-B281CA2-S,,1,,340200,340200,,0,,,,,,,,,,,,,,,,,"200205,210125",
500439,,,,,,,,6,パナソニック,【パナソニック】 フリービルトイン 14畳程度 シングル,1,,"XCS-B401CA2/S｜【パナソニック ハウジングエアコン】 フリービルトイン 14畳程度 シングル 単相200V ワイヤレス｜販売価格:476,280｜「東京空調センター」では、ハウジングエアコンを驚きの価格でご提供いたします。日本全国送料無料です。",【パナソニック ハウジングエアコン】<br>フリービルトイン 14畳程度<br>シングル 単相200V ワイヤレス,XCS-B401CA2-S,,,,"<img src=""http://www.tokyo-aircon.net/images/ind_aircon/ind-t200.png""><img src=""http://www.tokyo-aircon.net/images/ind_aircon/ind-wireless.png"">",panasonic_housing/201403/xcs-b401ca2-s.jpg,"【パナソニック ハウジングエアコン】<br>フリービルトイン 14畳程度<br>シングル 単相200V ワイヤレス<br /><img src=""http://www.tokyo-aircon.net/images/ind_aircon/ind-t2002.png""><img src=""http://www.tokyo-aircon.net/images/ind_aircon/ind-wireless2.png"">",panasonic_housing/201403/xcs-b401ca2-s.jpg,,,"<ul><li><font style=""color: red;"">※リモコンを含んだ金額になります</font></li><li>※全国送料無料（一部地域を除く）</li><li>※メーカー1年保証付き</li></ul>",,panasonic_housing/201403/sub/cu-b401cg2.jpg,,,,panasonic_housing/201403/sub/rc1.jpg,,,,,,"<div class=""set"">▼セット内容<br />室内機：CS-B401CA2 x 1<br />室外機：CU-B401CG2 x 1<br />リモコン：同梱リモコン x 1<br /></div>",,,,,,,2,0,1,XCS-B401CA2-S,,1,,453600,453600,,0,,,,,,,,,,,,,,,,,"200205,210127",
500440,,,,,,,,6,パナソニック,【パナソニック】 床置き形 10畳程度 シングル,1,,"XCS-281CY2-W/S｜【パナソニック ハウジングエアコン】 床置き形 10畳程度 シングル 単相200V ワイヤレス｜販売価格:1,049,999｜「東京空調センター」では、ハウジングエアコンを驚きの価格でご提供いたします。日本全国送料無料です。",【パナソニック ハウジングエアコン】<br>床置き形 10畳程度<br>シングル 単相200V ワイヤレス,XCS-281CY2-W-S,,,,"<img src=""http://www.tokyo-aircon.net/images/ind_aircon/ind-t200.png""><img src=""http://www.tokyo-aircon.net/images/ind_aircon/ind-wireless.png"">",panasonic_housing/201403/xcs-281cy2-w-s.jpg,"【パナソニック ハウジングエアコン】<br>床置き形 10畳程度<br>シングル 単相200V ワイヤレス<br /><img src=""http://www.tokyo-aircon.net/images/ind_aircon/ind-t2002.png""><img src=""http://www.tokyo-aircon.net/images/ind_aircon/ind-wireless2.png"">",panasonic_housing/201403/xcs-281cy2-w-s.jpg,,,"<ul><li><font style=""color: red;"">※リモコンを含んだ金額になります</font></li><li>※全国送料無料（一部地域を除く）</li><li>※メーカー1年保証付き</li></ul>",,panasonic_housing/201403/sub/cu-281cy2.jpg,,,,panasonic_housing/201403/sub/rc1.jpg,,,,,,"<div class=""set"">▼セット内容<br />室内機：CS-281CY2-W x 1<br />室外機：CU-281CY2 x 1<br />リモコン：同梱リモコン x 1<br /></div>",,,,,,,2,0,1,XCS-281CY2-W-S,,1,,0,999999,,0,,,,,,,,,,,,,,,,,"200206,210155",
500441,,,,,,,,6,パナソニック,【パナソニック】 床置き形 10畳程度 シングル,1,,"XCS-281CY2-T/S｜【パナソニック ハウジングエアコン】 床置き形 10畳程度 シングル 単相200V ワイヤレス｜販売価格:1,049,999｜「東京空調センター」では、ハウジングエアコンを驚きの価格でご提供いたします。日本全国送料無料です。",【パナソニック ハウジングエアコン】<br>床置き形 10畳程度<br>シングル 単相200V ワイヤレス,XCS-281CY2-T-S,,,,"<img src=""http://www.tokyo-aircon.net/images/ind_aircon/ind-t200.png""><img src=""http://www.tokyo-aircon.net/images/ind_aircon/ind-wireless.png"">",panasonic_housing/201403/xcs-281cy2-t-s.jpg,"【パナソニック ハウジングエアコン】<br>床置き形 10畳程度<br>シングル 単相200V ワイヤレス<br /><img src=""http://www.tokyo-aircon.net/images/ind_aircon/ind-t2002.png""><img src=""http://www.tokyo-aircon.net/images/ind_aircon/ind-wireless2.png"">",panasonic_housing/201403/xcs-281cy2-t-s.jpg,,,"<ul><li><font style=""color: red;"">※リモコンを含んだ金額になります</font></li><li>※全国送料無料（一部地域を除く）</li><li>※メーカー1年保証付き</li></ul>",,panasonic_housing/201403/sub/cu-281cy2.jpg,,,,panasonic_housing/201403/sub/rc1.jpg,,,,,,"<div class=""set"">▼セット内容<br />室内機：CS-281CY2-T x 1<br />室外機：CU-281CY2 x 1<br />リモコン：同梱リモコン x 1<br /></div>",,,,,,,2,0,1,XCS-281CY2-T-S,,1,,0,999999,,0,,,,,,,,,,,,,,,,,"200206,210155",
500442,,,,,,,,6,パナソニック,【パナソニック】 床置き形 14畳程度 シングル,1,,"XCS-401CY2-W/S｜【パナソニック ハウジングエアコン】 床置き形 14畳程度 シングル 単相200V ワイヤレス｜販売価格:1,049,999｜「東京空調センター」では、ハウジングエアコンを驚きの価格でご提供いたします。日本全国送料無料です。",【パナソニック ハウジングエアコン】<br>床置き形 14畳程度<br>シングル 単相200V ワイヤレス,XCS-401CY2-W-S,,,,"<img src=""http://www.tokyo-aircon.net/images/ind_aircon/ind-t200.png""><img src=""http://www.tokyo-aircon.net/images/ind_aircon/ind-wireless.png"">",panasonic_housing/201403/xcs-401cy2-w-s.jpg,"【パナソニック ハウジングエアコン】<br>床置き形 14畳程度<br>シングル 単相200V ワイヤレス<br /><img src=""http://www.tokyo-aircon.net/images/ind_aircon/ind-t2002.png""><img src=""http://www.tokyo-aircon.net/images/ind_aircon/ind-wireless2.png"">",panasonic_housing/201403/xcs-401cy2-w-s.jpg,,,"<ul><li><font style=""color: red;"">※リモコンを含んだ金額になります</font></li><li>※全国送料無料（一部地域を除く）</li><li>※メーカー1年保証付き</li></ul>",,panasonic_housing/201403/sub/cu-401cy2.jpg,,,,panasonic_housing/201403/sub/rc1.jpg,,,,,,"<div class=""set"">▼セット内容<br />室内機：CS-401CY2-W x 1<br />室外機：CU-401CY2 x 1<br />リモコン：同梱リモコン x 1<br /></div>",,,,,,,2,0,1,XCS-401CY2-W-S,,1,,0,999999,,0,,,,,,,,,,,,,,,,,"200206,210157",
500443,,,,,,,,6,パナソニック,【パナソニック】 床置き形 14畳程度 シングル,1,,"XCS-401CY2-T/S｜【パナソニック ハウジングエアコン】 床置き形 14畳程度 シングル 単相200V ワイヤレス｜販売価格:1,049,999｜「東京空調センター」では、ハウジングエアコンを驚きの価格でご提供いたします。日本全国送料無料です。",【パナソニック ハウジングエアコン】<br>床置き形 14畳程度<br>シングル 単相200V ワイヤレス,XCS-401CY2-T-S,,,,"<img src=""http://www.tokyo-aircon.net/images/ind_aircon/ind-t200.png""><img src=""http://www.tokyo-aircon.net/images/ind_aircon/ind-wireless.png"">",panasonic_housing/201403/xcs-401cy2-t-s.jpg,"【パナソニック ハウジングエアコン】<br>床置き形 14畳程度<br>シングル 単相200V ワイヤレス<br /><img src=""http://www.tokyo-aircon.net/images/ind_aircon/ind-t2002.png""><img src=""http://www.tokyo-aircon.net/images/ind_aircon/ind-wireless2.png"">",panasonic_housing/201403/xcs-401cy2-t-s.jpg,,,"<ul><li><font style=""color: red;"">※リモコンを含んだ金額になります</font></li><li>※全国送料無料（一部地域を除く）</li><li>※メーカー1年保証付き</li></ul>",,panasonic_housing/201403/sub/cu-401cy2.jpg,,,,panasonic_housing/201403/sub/rc1.jpg,,,,,,"<div class=""set"">▼セット内容<br />室内機：CS-401CY2-T x 1<br />室外機：CU-401CY2 x 1<br />リモコン：同梱リモコン x 1<br /></div>",,,,,,,2,0,1,XCS-401CY2-T-S,,1,,0,999999,,0,,,,,,,,,,,,,,,,,"200206,210157",
500444,,,,,,,,6,パナソニック,【パナソニック】 フリーマルチ室外機 45クラス 2室用,1,,"CU-M452D2｜【パナソニック ハウジングエアコン】 フリーマルチ室外機 45クラス 2室用  単相200V ワイヤレス｜販売価格:266,490｜「東京空調センター」では、ハウジングエアコンを驚きの価格でご提供いたします。日本全国送料無料です。",【パナソニック ハウジングエアコン】<br>フリーマルチ室外機 45クラス 2室用<br> 単相200V ワイヤレス,CU-M452D2,,,,"<img src=""http://www.tokyo-aircon.net/images/ind_aircon/ind-t200.png""><img src=""http://www.tokyo-aircon.net/images/ind_aircon/ind-wireless.png"">",panasonic_housing/201403/cu-m452d2.jpg,"【パナソニック ハウジングエアコン】<br>フリーマルチ室外機 45クラス 2室用<br> 単相200V ワイヤレス<br /><img src=""http://www.tokyo-aircon.net/images/ind_aircon/ind-t2002.png""><img src=""http://www.tokyo-aircon.net/images/ind_aircon/ind-wireless2.png"">",panasonic_housing/201403/cu-m452d2.jpg,,,<ul> <li>※全国送料無料（一部地域を除く）</li><li>※メーカー1年保証付き</li></ul>,,,,,,,,,,,,"<div class=""set"">▼セット内容<br />室外機：CU-M452D2 x 1<br /></div>",,,,,,,2,0,1,CU-M452D2,,1,,253800,253800,,0,,,,,,,,,,,,,,,,,"200209,210248",
500445,,,,,,,,6,パナソニック,【パナソニック】 フリーマルチ室外機 50クラス 2室用,1,,"CU-M502D2｜【パナソニック ハウジングエアコン】 フリーマルチ室外機 50クラス 2室用  単相200V ワイヤレス｜販売価格:294,840｜「東京空調センター」では、ハウジングエアコンを驚きの価格でご提供いたします。日本全国送料無料です。",【パナソニック ハウジングエアコン】<br>フリーマルチ室外機 50クラス 2室用<br> 単相200V ワイヤレス,CU-M502D2,,,,"<img src=""http://www.tokyo-aircon.net/images/ind_aircon/ind-t200.png""><img src=""http://www.tokyo-aircon.net/images/ind_aircon/ind-wireless.png"">",panasonic_housing/201403/cu-m502d2.jpg,"【パナソニック ハウジングエアコン】<br>フリーマルチ室外機 50クラス 2室用<br> 単相200V ワイヤレス<br /><img src=""http://www.tokyo-aircon.net/images/ind_aircon/ind-t2002.png""><img src=""http://www.tokyo-aircon.net/images/ind_aircon/ind-wireless2.png"">",panasonic_housing/201403/cu-m502d2.jpg,,,<ul> <li>※全国送料無料（一部地域を除く）</li><li>※メーカー1年保証付き</li></ul>,,,,,,,,,,,,"<div class=""set"">▼セット内容<br />室外機：CU-M502D2 x 1<br /></div>",,,,,,,2,0,1,CU-M502D2,,1,,280800,280800,,0,,,,,,,,,,,,,,,,,"200209,210250",
500446,,,,,,,,6,パナソニック,【パナソニック】 壁掛け型スタンダードタイプ  システムマルチ 室内ユニット,1,,"CS-M222D2-W｜【パナソニック ハウジングエアコン】 壁掛け型スタンダードタイプ  システムマルチ室内ユニット 単相200V ワイヤレス｜販売価格:79,380｜「東京空調センター」では、ハウジングエアコンを驚きの価格でご提供いたします。日本全国送料無料です。",【パナソニック ハウジングエアコン】<br>壁掛け型スタンダードタイプ <br>システムマルチ室内ユニット 単相200V ワイヤレス,CS-M222D2-W,,,,"<img src=""http://www.tokyo-aircon.net/images/ind_aircon/ind-t200.png""><img src=""http://www.tokyo-aircon.net/images/ind_aircon/ind-wireless.png"">",panasonic_housing/201403/cs-m222d2-w.jpg,"【パナソニック ハウジングエアコン】<br>壁掛け型スタンダードタイプ <br>システムマルチ室内ユニット 単相200V ワイヤレス<br /><img src=""http://www.tokyo-aircon.net/images/ind_aircon/ind-t2002.png""><img src=""http://www.tokyo-aircon.net/images/ind_aircon/ind-wireless2.png"">",panasonic_housing/201403/cs-m222d2-w.jpg,,,"<ul><li><font style=""color: red;"">※リモコンを含んだ金額になります</font></li><li>※全国送料無料（一部地域を除く）</li><li>※メーカー1年保証付き</li></ul>",,/housing-in-ng.jpg,,,,panasonic_housing/201403/sub/rc3.jpg,,,,,,"<div class=""set"">▼セット内容<br />室内機：CS-M222D2-W x 1<br />リモコン：同梱リモコン x 1<br /></div>",,,,,,,2,0,1,CS-M222D2-W,,1,,75600,75600,,0,,,,,,,,,,,,,,,,,"200212,210333",
500447,,,,,,,,6,パナソニック,【パナソニック】 壁掛け型スタンダードタイプ  システムマルチ 室内ユニット,1,,"CS-M222D2-C｜【パナソニック ハウジングエアコン】 壁掛け型スタンダードタイプ  システムマルチ室内ユニット 単相200V ワイヤレス｜販売価格:79,380｜「東京空調センター」では、ハウジングエアコンを驚きの価格でご提供いたします。日本全国送料無料です。",【パナソニック ハウジングエアコン】<br>壁掛け型スタンダードタイプ <br>システムマルチ室内ユニット 単相200V ワイヤレス,CS-M222D2-C,,,,"<img src=""http://www.tokyo-aircon.net/images/ind_aircon/ind-t200.png""><img src=""http://www.tokyo-aircon.net/images/ind_aircon/ind-wireless.png"">",panasonic_housing/201403/cs-m222d2-c.jpg,"【パナソニック ハウジングエアコン】<br>壁掛け型スタンダードタイプ <br>システムマルチ室内ユニット 単相200V ワイヤレス<br /><img src=""http://www.tokyo-aircon.net/images/ind_aircon/ind-t2002.png""><img src=""http://www.tokyo-aircon.net/images/ind_aircon/ind-wireless2.png"">",panasonic_housing/201403/cs-m222d2-c.jpg,,,"<ul><li><font style=""color: red;"">※リモコンを含んだ金額になります</font></li><li>※全国送料無料（一部地域を除く）</li><li>※メーカー1年保証付き</li></ul>",,/housing-in-ng.jpg,,,,panasonic_housing/201403/sub/rc3.jpg,,,,,,"<div class=""set"">▼セット内容<br />室内機：CS-M222D2-C x 1<br />リモコン：同梱リモコン x 1<br /></div>",,,,,,,2,0,1,CS-M222D2-C,,1,,75600,75600,,0,,,,,,,,,,,,,,,,,"200212,210333",
500448,,,,,,,,6,パナソニック,【パナソニック】 壁掛け型スタンダードタイプ システムマルチ 室内ユニット,1,,"CS-M252D2-W｜【パナソニック ハウジングエアコン】 壁掛け型スタンダードタイプ システムマルチ室内ユニット単相200V ワイヤレス｜販売価格:85,050｜「東京空調センター」では、ハウジングエアコンを驚きの価格でご提供いたします。日本全国送料無料です。",【パナソニック ハウジングエアコン】<br>壁掛け型スタンダードタイプ<br>システムマルチ室内ユニット単相200V ワイヤレス,CS-M252D2-W,,,,"<img src=""http://www.tokyo-aircon.net/images/ind_aircon/ind-t200.png""><img src=""http://www.tokyo-aircon.net/images/ind_aircon/ind-wireless.png"">",panasonic_housing/201403/cs-m252d2-w.jpg,"【パナソニック ハウジングエアコン】<br>壁掛け型スタンダードタイプ<br>システムマルチ室内ユニット単相200V ワイヤレス<br /><img src=""http://www.tokyo-aircon.net/images/ind_aircon/ind-t2002.png""><img src=""http://www.tokyo-aircon.net/images/ind_aircon/ind-wireless2.png"">",panasonic_housing/201403/cs-m252d2-w.jpg,,,"<ul><li><font style=""color: red;"">※リモコンを含んだ金額になります</font></li><li>※全国送料無料（一部地域を除く）</li><li>※メーカー1年保証付き</li></ul>",,/housing-in-ng.jpg,,,,panasonic_housing/201403/sub/rc3.jpg,,,,,,"<div class=""set"">▼セット内容<br />室内機：CS-M252D2-W x 1<br />リモコン：同梱リモコン x 1<br /></div>",,,,,,,2,0,1,CS-M252D2-W,,1,,81000,81000,,0,,,,,,,,,,,,,,,,,"200212,210334",
500449,,,,,,,,6,パナソニック,【パナソニック】 壁掛け型スタンダードタイプ システムマルチ 室内ユニット,1,,"CS-M252D2-C｜【パナソニック ハウジングエアコン】 壁掛け型スタンダードタイプ システムマルチ室内ユニット単相200V ワイヤレス｜販売価格:85,050｜「東京空調センター」では、ハウジングエアコンを驚きの価格でご提供いたします。日本全国送料無料です。",【パナソニック ハウジングエアコン】<br>壁掛け型スタンダードタイプ<br>システムマルチ室内ユニット単相200V ワイヤレス,CS-M252D2-C,,,,"<img src=""http://www.tokyo-aircon.net/images/ind_aircon/ind-t200.png""><img src=""http://www.tokyo-aircon.net/images/ind_aircon/ind-wireless.png"">",panasonic_housing/201403/cs-m252d2-c.jpg,"【パナソニック ハウジングエアコン】<br>壁掛け型スタンダードタイプ<br>システムマルチ室内ユニット単相200V ワイヤレス<br /><img src=""http://www.tokyo-aircon.net/images/ind_aircon/ind-t2002.png""><img src=""http://www.tokyo-aircon.net/images/ind_aircon/ind-wireless2.png"">",panasonic_housing/201403/cs-m252d2-c.jpg,,,"<ul><li><font style=""color: red;"">※リモコンを含んだ金額になります</font></li><li>※全国送料無料（一部地域を除く）</li><li>※メーカー1年保証付き</li></ul>",,/housing-in-ng.jpg,,,,panasonic_housing/201403/sub/rc3.jpg,,,,,,"<div class=""set"">▼セット内容<br />室内機：CS-M252D2-C x 1<br />リモコン：同梱リモコン x 1<br /></div>",,,,,,,2,0,1,CS-M252D2-C,,1,,81000,81000,,0,,,,,,,,,,,,,,,,,"200212,210334",
500450,,,,,,,,6,パナソニック,【パナソニック】 壁掛け型スタンダードタイプ 10畳程度 システムマルチ 室内ユニット,1,,"CS-M282D2-W｜【パナソニック ハウジングエアコン】 壁掛け型スタンダードタイプ 10畳程度 システムマルチ室内ユニット 単相200V ワイヤレス｜販売価格:90,720｜「東京空調センター」では、ハウジングエアコンを驚きの価格でご提供いたします。日本全国送料無料です。",【パナソニック ハウジングエアコン】<br>壁掛け型スタンダードタイプ 10畳程度<br>システムマルチ室内ユニット 単相200V ワイヤレス,CS-M282D2-W,,,,"<img src=""http://www.tokyo-aircon.net/images/ind_aircon/ind-t200.png""><img src=""http://www.tokyo-aircon.net/images/ind_aircon/ind-wireless.png"">",panasonic_housing/201403/cs-m282d2-w.jpg,"【パナソニック ハウジングエアコン】<br>壁掛け型スタンダードタイプ 10畳程度<br>システムマルチ室内ユニット 単相200V ワイヤレス<br /><img src=""http://www.tokyo-aircon.net/images/ind_aircon/ind-t2002.png""><img src=""http://www.tokyo-aircon.net/images/ind_aircon/ind-wireless2.png"">",panasonic_housing/201403/cs-m282d2-w.jpg,,,"<ul><li><font style=""color: red;"">※リモコンを含んだ金額になります</font></li><li>※全国送料無料（一部地域を除く）</li><li>※メーカー1年保証付き</li></ul>",,/housing-in-ng.jpg,,,,panasonic_housing/201403/sub/rc3.jpg,,,,,,"<div class=""set"">▼セット内容<br />室内機：CS-M282D2-W x 1<br />リモコン：同梱リモコン x 1<br /></div>",,,,,,,2,0,1,CS-M282D2-W,,1,,86400,86400,,0,,,,,,,,,,,,,,,,,"200212,210335",
500451,,,,,,,,6,パナソニック,【パナソニック】 壁掛け型スタンダードタイプ 10畳程度 システムマルチ 室内ユニット,1,,"CS-M282D2-C｜【パナソニック ハウジングエアコン】 壁掛け型スタンダードタイプ 10畳程度 システムマルチ室内ユニット 単相200V ワイヤレス｜販売価格:90,720｜「東京空調センター」では、ハウジングエアコンを驚きの価格でご提供いたします。日本全国送料無料です。",【パナソニック ハウジングエアコン】<br>壁掛け型スタンダードタイプ 10畳程度<br>システムマルチ室内ユニット 単相200V ワイヤレス,CS-M282D2-C,,,,"<img src=""http://www.tokyo-aircon.net/images/ind_aircon/ind-t200.png""><img src=""http://www.tokyo-aircon.net/images/ind_aircon/ind-wireless.png"">",panasonic_housing/201403/cs-m282d2-c.jpg,"【パナソニック ハウジングエアコン】<br>壁掛け型スタンダードタイプ 10畳程度<br>システムマルチ室内ユニット 単相200V ワイヤレス<br /><img src=""http://www.tokyo-aircon.net/images/ind_aircon/ind-t2002.png""><img src=""http://www.tokyo-aircon.net/images/ind_aircon/ind-wireless2.png"">",panasonic_housing/201403/cs-m282d2-c.jpg,,,"<ul><li><font style=""color: red;"">※リモコンを含んだ金額になります</font></li><li>※全国送料無料（一部地域を除く）</li><li>※メーカー1年保証付き</li></ul>",,/housing-in-ng.jpg,,,,panasonic_housing/201403/sub/rc3.jpg,,,,,,"<div class=""set"">▼セット内容<br />室内機：CS-M282D2-C x 1<br />リモコン：同梱リモコン x 1<br /></div>",,,,,,,2,0,1,CS-M282D2-C,,1,,86400,86400,,0,,,,,,,,,,,,,,,,,"200212,210335",
500452,,,,,,,,6,パナソニック,【パナソニック】 壁掛け型スタンダードタイプ 14畳程度 システムマルチ 室内ユニット,1,,"CS-M402D2-W｜【パナソニック ハウジングエアコン】 壁掛け型スタンダードタイプ 14畳程度 システムマルチ室内ユニット 単相200V ワイヤレス｜販売価格:136,080｜「東京空調センター」では、ハウジングエアコンを驚きの価格でご提供いたします。日本全国送料無料です。",【パナソニック ハウジングエアコン】<br>壁掛け型スタンダードタイプ 14畳程度<br>システムマルチ室内ユニット 単相200V ワイヤレス,CS-M402D2-W,,,,"<img src=""http://www.tokyo-aircon.net/images/ind_aircon/ind-t200.png""><img src=""http://www.tokyo-aircon.net/images/ind_aircon/ind-wireless.png"">",panasonic_housing/201403/cs-m402d2-w.jpg,"【パナソニック ハウジングエアコン】<br>壁掛け型スタンダードタイプ 14畳程度<br>システムマルチ室内ユニット 単相200V ワイヤレス<br /><img src=""http://www.tokyo-aircon.net/images/ind_aircon/ind-t2002.png""><img src=""http://www.tokyo-aircon.net/images/ind_aircon/ind-wireless2.png"">",panasonic_housing/201403/cs-m402d2-w.jpg,,,"<ul><li><font style=""color: red;"">※リモコンを含んだ金額になります</font></li><li>※全国送料無料（一部地域を除く）</li><li>※メーカー1年保証付き</li></ul>",,/housing-in-ng.jpg,,,,panasonic_housing/201403/sub/rc3.jpg,,,,,,"<div class=""set"">▼セット内容<br />室内機：CS-M402D2-W x 1<br />リモコン：同梱リモコン x 1<br /></div>",,,,,,,2,0,1,CS-M402D2-W,,1,,129600,129600,,0,,,,,,,,,,,,,,,,,"200212,210337",
500453,,,,,,,,6,パナソニック,【パナソニック】 壁掛け型スタンダードタイプ 14畳程度 システムマルチ 室内ユニット,1,,"CS-M402D2-C｜【パナソニック ハウジングエアコン】 壁掛け型スタンダードタイプ 14畳程度 システムマルチ室内ユニット 単相200V ワイヤレス｜販売価格:136,080｜「東京空調センター」では、ハウジングエアコンを驚きの価格でご提供いたします。日本全国送料無料です。",【パナソニック ハウジングエアコン】<br>壁掛け型スタンダードタイプ 14畳程度<br>システムマルチ室内ユニット 単相200V ワイヤレス,CS-M402D2-C,,,,"<img src=""http://www.tokyo-aircon.net/images/ind_aircon/ind-t200.png""><img src=""http://www.tokyo-aircon.net/images/ind_aircon/ind-wireless.png"">",panasonic_housing/201403/cs-m402d2-c.jpg,"【パナソニック ハウジングエアコン】<br>壁掛け型スタンダードタイプ 14畳程度<br>システムマルチ室内ユニット 単相200V ワイヤレス<br /><img src=""http://www.tokyo-aircon.net/images/ind_aircon/ind-t2002.png""><img src=""http://www.tokyo-aircon.net/images/ind_aircon/ind-wireless2.png"">",panasonic_housing/201403/cs-m402d2-c.jpg,,,"<ul><li><font style=""color: red;"">※リモコンを含んだ金額になります</font></li><li>※全国送料無料（一部地域を除く）</li><li>※メーカー1年保証付き</li></ul>",,/housing-in-ng.jpg,,,,panasonic_housing/201403/sub/rc3.jpg,,,,,,"<div class=""set"">▼セット内容<br />室内機：CS-M402D2-C x 1<br />リモコン：同梱リモコン x 1<br /></div>",,,,,,,2,0,1,CS-M402D2-C,,1,,129600,129600,,0,,,,,,,,,,,,,,,,,"200212,210337",
500454,,,,,,,,6,パナソニック,【パナソニック】 フリーマルチ室外機 45クラス 2室用,1,,"CU-M452C2｜【パナソニック ハウジングエアコン】 フリーマルチ室外機 45クラス 2室用  単相200V ワイヤレス｜販売価格:266,490｜「東京空調センター」では、ハウジングエアコンを驚きの価格でご提供いたします。日本全国送料無料です。",【パナソニック ハウジングエアコン】<br>フリーマルチ室外機 45クラス 2室用<br> 単相200V ワイヤレス,CU-M452C2,,,,"<img src=""http://www.tokyo-aircon.net/images/ind_aircon/ind-t200.png""><img src=""http://www.tokyo-aircon.net/images/ind_aircon/ind-wireless.png"">",panasonic_housing/201403/cu-m452c2.jpg,"【パナソニック ハウジングエアコン】<br>フリーマルチ室外機 45クラス 2室用<br> 単相200V ワイヤレス<br /><img src=""http://www.tokyo-aircon.net/images/ind_aircon/ind-t2002.png""><img src=""http://www.tokyo-aircon.net/images/ind_aircon/ind-wireless2.png"">",panasonic_housing/201403/cu-m452c2.jpg,,,<ul> <li>※全国送料無料（一部地域を除く）</li><li>※メーカー1年保証付き</li></ul>,,,,,,,,,,,,"<div class=""set"">▼セット内容<br />室外機：CU-M452C2 x 1<br /></div>",,,,,,,2,0,1,CU-M452C2,,1,,253800,253800,,0,,,,,,,,,,,,,,,,,"200209,210248",
500455,,,,,,,,6,パナソニック,【パナソニック】 フリーマルチ室外機 53クラス 2室用,1,,"CU-M532C2｜【パナソニック ハウジングエアコン】 フリーマルチ室外機 53クラス 2室用  単相200V ワイヤレス｜販売価格:340,200｜「東京空調センター」では、ハウジングエアコンを驚きの価格でご提供いたします。日本全国送料無料です。",【パナソニック ハウジングエアコン】<br>フリーマルチ室外機 53クラス 2室用<br> 単相200V ワイヤレス,CU-M532C2,,,,"<img src=""http://www.tokyo-aircon.net/images/ind_aircon/ind-t200.png""><img src=""http://www.tokyo-aircon.net/images/ind_aircon/ind-wireless.png"">",panasonic_housing/201403/cu-m532c2.jpg,"【パナソニック ハウジングエアコン】<br>フリーマルチ室外機 53クラス 2室用<br> 単相200V ワイヤレス<br /><img src=""http://www.tokyo-aircon.net/images/ind_aircon/ind-t2002.png""><img src=""http://www.tokyo-aircon.net/images/ind_aircon/ind-wireless2.png"">",panasonic_housing/201403/cu-m532c2.jpg,,,<ul> <li>※全国送料無料（一部地域を除く）</li><li>※メーカー1年保証付き</li></ul>,,,,,,,,,,,,"<div class=""set"">▼セット内容<br />室外機：CU-M532C2 x 1<br /></div>",,,,,,,2,0,1,CU-M532C2,,1,,324000,324000,,0,,,,,,,,,,,,,,,,,"200209,210252",
500456,,,,,,,,6,パナソニック,【パナソニック】 フリーマルチ室外機 60クラス 2室用,1,,"CU-M602C2｜【パナソニック ハウジングエアコン】 フリーマルチ室外機 60クラス 2室用  単相200V ワイヤレス｜販売価格:374,220｜「東京空調センター」では、ハウジングエアコンを驚きの価格でご提供いたします。日本全国送料無料です。",【パナソニック ハウジングエアコン】<br>フリーマルチ室外機 60クラス 2室用<br> 単相200V ワイヤレス,CU-M602C2,,,,"<img src=""http://www.tokyo-aircon.net/images/ind_aircon/ind-t200.png""><img src=""http://www.tokyo-aircon.net/images/ind_aircon/ind-wireless.png"">",panasonic_housing/201403/cu-m602c2.jpg,"【パナソニック ハウジングエアコン】<br>フリーマルチ室外機 60クラス 2室用<br> 単相200V ワイヤレス<br /><img src=""http://www.tokyo-aircon.net/images/ind_aircon/ind-t2002.png""><img src=""http://www.tokyo-aircon.net/images/ind_aircon/ind-wireless2.png"">",panasonic_housing/201403/cu-m602c2.jpg,,,<ul> <li>※全国送料無料（一部地域を除く）</li><li>※メーカー1年保証付き</li></ul>,,,,,,,,,,,,"<div class=""set"">▼セット内容<br />室外機：CU-M602C2 x 1<br /></div>",,,,,,,2,0,1,CU-M602C2,,1,,356400,356400,,0,,,,,,,,,,,,,,,,,"200209,210255",
500457,,,,,,,,6,パナソニック,【パナソニック】 フリーマルチ室外機 68クラス 3室用,1,,"CU-3M682C2｜【パナソニック ハウジングエアコン】 フリーマルチ室外機 68クラス 3室用  単相200V ワイヤレス｜販売価格:487,620｜「東京空調センター」では、ハウジングエアコンを驚きの価格でご提供いたします。日本全国送料無料です。",【パナソニック ハウジングエアコン】<br>フリーマルチ室外機 68クラス 3室用<br> 単相200V ワイヤレス,CU-3M682C2,,,,"<img src=""http://www.tokyo-aircon.net/images/ind_aircon/ind-t200.png""><img src=""http://www.tokyo-aircon.net/images/ind_aircon/ind-wireless.png"">",panasonic_housing/201403/cu-3m682c2.jpg,"【パナソニック ハウジングエアコン】<br>フリーマルチ室外機 68クラス 3室用<br> 単相200V ワイヤレス<br /><img src=""http://www.tokyo-aircon.net/images/ind_aircon/ind-t2002.png""><img src=""http://www.tokyo-aircon.net/images/ind_aircon/ind-wireless2.png"">",panasonic_housing/201403/cu-3m682c2.jpg,,,<ul> <li>※全国送料無料（一部地域を除く）</li><li>※メーカー1年保証付き</li></ul>,,,,,,,,,,,,"<div class=""set"">▼セット内容<br />室外機：CU-3M682C2 x 1<br /></div>",,,,,,,2,0,1,CU-3M682C2,,1,,464400,464400,,0,,,,,,,,,,,,,,,,,"200209,210257",
500458,,,,,,,,6,パナソニック,【パナソニック】 フリーマルチ室外機 80クラス 4室用,1,,"CU-4M802C2｜【パナソニック ハウジングエアコン】 フリーマルチ室外機 80クラス 4室用  単相200V ワイヤレス｜販売価格:623,700｜「東京空調センター」では、ハウジングエアコンを驚きの価格でご提供いたします。日本全国送料無料です。",【パナソニック ハウジングエアコン】<br>フリーマルチ室外機 80クラス 4室用<br> 単相200V ワイヤレス,CU-4M802C2,,,,"<img src=""http://www.tokyo-aircon.net/images/ind_aircon/ind-t200.png""><img src=""http://www.tokyo-aircon.net/images/ind_aircon/ind-wireless.png"">",panasonic_housing/201403/cu-4m802c2.jpg,"【パナソニック ハウジングエアコン】<br>フリーマルチ室外機 80クラス 4室用<br> 単相200V ワイヤレス<br /><img src=""http://www.tokyo-aircon.net/images/ind_aircon/ind-t2002.png""><img src=""http://www.tokyo-aircon.net/images/ind_aircon/ind-wireless2.png"">",panasonic_housing/201403/cu-4m802c2.jpg,,,<ul> <li>※全国送料無料（一部地域を除く）</li><li>※メーカー1年保証付き</li></ul>,,,,,,,,,,,,"<div class=""set"">▼セット内容<br />室外機：CU-4M802C2 x 1<br /></div>",,,,,,,2,0,1,CU-4M802C2,,1,,594000,594000,,0,,,,,,,,,,,,,,,,,"200209,210260",
500459,,,,,,,,6,パナソニック,【パナソニック】 天井ビルトイン1方向タイプ システムマルチ 室内ユニット,1,,"CS-MB162CC2｜【パナソニック ハウジングエアコン】 天井ビルトイン1方向タイプ システムマルチ室内ユニット単相200V ワイヤレス｜販売価格:136,080｜「東京空調センター」では、ハウジングエアコンを驚きの価格でご提供いたします。日本全国送料無料です。",【パナソニック ハウジングエアコン】<br>天井ビルトイン1方向タイプ<br>システムマルチ室内ユニット単相200V ワイヤレス,CS-MB162CC2,ホワイト,,,"<img src=""http://www.tokyo-aircon.net/images/ind_aircon/ind-t200.png""><img src=""http://www.tokyo-aircon.net/images/ind_aircon/ind-wireless.png"">",panasonic_housing/201403/cs-mb162cc2.jpg,"【パナソニック ハウジングエアコン】<br>天井ビルトイン1方向タイプ<br>システムマルチ室内ユニット単相200V ワイヤレス<br /><img src=""http://www.tokyo-aircon.net/images/ind_aircon/ind-t2002.png""><img src=""http://www.tokyo-aircon.net/images/ind_aircon/ind-wireless2.png"">",panasonic_housing/201403/cs-mb162cc2.jpg,,,"<ul><li><font style=""color:red;"">※パネルタイプをお選び下さい</font></li><li><font style=""color: red;"">※パネル・リモコンを含んだ金額になります</font></li><li>※全国送料無料（一部地域を除く）</li><li>※メーカー1年保証付き</li></ul>",,/housing-in-ng.jpg,,,,panasonic_housing/201403/sub/rc1.jpg,,,,panasonic_housing/201403/sub/panel1.jpg,,"<div class=""set"">▼セット内容<br />室内機：CS-MB162CC2 x 1<br />リモコン：同梱リモコン x 1<br />パネル：CZ-BT16-W x 1<br /></div>",,,,,,,2,0,1,CS-MB162CC2,,1,,129600,129600,,0,,,,,,,,,,,,,,,,,"200210,210271",
500460,,,,,,,,6,パナソニック,【パナソニック】 天井ビルトイン1方向タイプ システムマルチ 室内ユニット,1,,"CS-MB162CC2-wood｜【パナソニック ハウジングエアコン】 天井ビルトイン1方向タイプ システムマルチ室内ユニット単相200V ワイヤレス｜販売価格:149,688｜「東京空調センター」では、ハウジングエアコンを驚きの価格でご提供いたします。日本全国送料無料です。",【パナソニック ハウジングエアコン】<br>天井ビルトイン1方向タイプ<br>システムマルチ室内ユニット単相200V ワイヤレス,CS-MB162CC2-wood,木目調,,,"<img src=""http://www.tokyo-aircon.net/images/ind_aircon/ind-t200.png""><img src=""http://www.tokyo-aircon.net/images/ind_aircon/ind-wireless.png"">",panasonic_housing/201403/cs-mb162cc2-wood.jpg,"【パナソニック ハウジングエアコン】<br>天井ビルトイン1方向タイプ<br>システムマルチ室内ユニット単相200V ワイヤレス<br /><img src=""http://www.tokyo-aircon.net/images/ind_aircon/ind-t2002.png""><img src=""http://www.tokyo-aircon.net/images/ind_aircon/ind-wireless2.png"">",panasonic_housing/201403/cs-mb162cc2-wood.jpg,,,"<ul><li><font style=""color:red;"">※パネルタイプをお選び下さい</font></li><li><font style=""color: red;"">※パネル・リモコンを含んだ金額になります</font></li><li>※全国送料無料（一部地域を除く）</li><li>※メーカー1年保証付き</li></ul>",,/housing-in-ng.jpg,,,,panasonic_housing/201403/sub/rc1.jpg,,,,panasonic_housing/201403/sub/panel2.jpg,,"<div class=""set"">▼セット内容<br />室内機：CS-MB162CC2 x 1<br />リモコン：同梱リモコン x 1<br />パネル：CZ-BT17-M x 1<br /></div>",,,,,,,2,0,1,CS-MB162CC2-wood,,1,,142560,142560,,0,,,,,,,,,,,,,,,,,"200210,210271",
500461,,,,,,,,6,パナソニック,【パナソニック】 天井ビルトイン1方向タイプ  システムマルチ 室内ユニット,1,,"CS-MB222CC2｜【パナソニック ハウジングエアコン】 天井ビルトイン1方向タイプ  システムマルチ室内ユニット 単相200V ワイヤレス｜販売価格:145,152｜「東京空調センター」では、ハウジングエアコンを驚きの価格でご提供いたします。日本全国送料無料です。",【パナソニック ハウジングエアコン】<br>天井ビルトイン1方向タイプ <br>システムマルチ室内ユニット 単相200V ワイヤレス,CS-MB222CC2,"ホワイト,ライトブラウン",,,"<img src=""http://www.tokyo-aircon.net/images/ind_aircon/ind-t200.png""><img src=""http://www.tokyo-aircon.net/images/ind_aircon/ind-wireless.png"">",panasonic_housing/201403/cs-mb222cc2.jpg,"【パナソニック ハウジングエアコン】<br>天井ビルトイン1方向タイプ <br>システムマルチ室内ユニット 単相200V ワイヤレス<br /><img src=""http://www.tokyo-aircon.net/images/ind_aircon/ind-t2002.png""><img src=""http://www.tokyo-aircon.net/images/ind_aircon/ind-wireless2.png"">",panasonic_housing/201403/cs-mb222cc2.jpg,,,"<ul><li><font style=""color:red;"">※パネルタイプをお選び下さい</font></li><li><font style=""color: red;"">※パネル・リモコンを含んだ金額になります</font></li><li>※全国送料無料（一部地域を除く）</li><li>※メーカー1年保証付き</li></ul>",,/housing-in-ng.jpg,,,,panasonic_housing/201403/sub/rc1.jpg,,,,panasonic_housing/201403/sub/panel3.jpg,,"<div class=""set"">▼セット内容<br />室内機：CS-MB222CC2 x 1<br />リモコン：同梱リモコン x 1<br />パネル：CZ-BT10-W x 1<br /></div>",,,,,,,2,0,1,CS-MB222CC2,,1,,138240,138240,,0,,,,,,,,,,,,,,,,,"200210,210273",
500462,,,,,,,,6,パナソニック,【パナソニック】 天井ビルトイン1方向タイプ  システムマルチ 室内ユニット,1,,"CS-MB222CC2-wood｜【パナソニック ハウジングエアコン】 天井ビルトイン1方向タイプ  システムマルチ室内ユニット 単相200V ワイヤレス｜販売価格:158,760｜「東京空調センター」では、ハウジングエアコンを驚きの価格でご提供いたします。日本全国送料無料です。",【パナソニック ハウジングエアコン】<br>天井ビルトイン1方向タイプ <br>システムマルチ室内ユニット 単相200V ワイヤレス,CS-MB222CC2-wood,木目調,,,"<img src=""http://www.tokyo-aircon.net/images/ind_aircon/ind-t200.png""><img src=""http://www.tokyo-aircon.net/images/ind_aircon/ind-wireless.png"">",panasonic_housing/201403/cs-mb222cc2-wood.jpg,"【パナソニック ハウジングエアコン】<br>天井ビルトイン1方向タイプ <br>システムマルチ室内ユニット 単相200V ワイヤレス<br /><img src=""http://www.tokyo-aircon.net/images/ind_aircon/ind-t2002.png""><img src=""http://www.tokyo-aircon.net/images/ind_aircon/ind-wireless2.png"">",panasonic_housing/201403/cs-mb222cc2-wood.jpg,,,"<ul><li><font style=""color:red;"">※パネルタイプをお選び下さい</font></li><li><font style=""color: red;"">※パネル・リモコンを含んだ金額になります</font></li><li>※全国送料無料（一部地域を除く）</li><li>※メーカー1年保証付き</li></ul>",,/housing-in-ng.jpg,,,,panasonic_housing/201403/sub/rc1.jpg,,,,panasonic_housing/201403/sub/panel4.jpg,,"<div class=""set"">▼セット内容<br />室内機：CS-MB222CC2 x 1<br />リモコン：同梱リモコン x 1<br />パネル：CZ-BT11-M x 1<br /></div>",,,,,,,2,0,1,CS-MB222CC2-wood,,1,,151200,151200,,0,,,,,,,,,,,,,,,,,"200210,210273",
500463,,,,,,,,6,パナソニック,【パナソニック】 天井ビルトイン1方向タイプ 10畳程度 システムマルチ 室内ユニット,1,,"CS-MB282CC2｜【パナソニック ハウジングエアコン】 天井ビルトイン1方向タイプ 10畳程度 システムマルチ室内ユニット 単相200V ワイヤレス｜販売価格:159,894｜「東京空調センター」では、ハウジングエアコンを驚きの価格でご提供いたします。日本全国送料無料です。",【パナソニック ハウジングエアコン】<br>天井ビルトイン1方向タイプ 10畳程度<br>システムマルチ室内ユニット 単相200V ワイヤレス,CS-MB282CC2,"ホワイト,ライトブラウン",,,"<img src=""http://www.tokyo-aircon.net/images/ind_aircon/ind-t200.png""><img src=""http://www.tokyo-aircon.net/images/ind_aircon/ind-wireless.png"">",panasonic_housing/201403/cs-mb282cc2.jpg,"【パナソニック ハウジングエアコン】<br>天井ビルトイン1方向タイプ 10畳程度<br>システムマルチ室内ユニット 単相200V ワイヤレス<br /><img src=""http://www.tokyo-aircon.net/images/ind_aircon/ind-t2002.png""><img src=""http://www.tokyo-aircon.net/images/ind_aircon/ind-wireless2.png"">",panasonic_housing/201403/cs-mb282cc2.jpg,,,"<ul><li><font style=""color:red;"">※パネルタイプをお選び下さい</font></li><li><font style=""color: red;"">※パネル・リモコンを含んだ金額になります</font></li><li>※全国送料無料（一部地域を除く）</li><li>※メーカー1年保証付き</li></ul>",,/housing-in-ng.jpg,,,,panasonic_housing/201403/sub/rc1.jpg,,,,panasonic_housing/201403/sub/panel3.jpg,,"<div class=""set"">▼セット内容<br />室内機：CS-MB282CC2 x 1<br />リモコン：同梱リモコン x 1<br />パネル：CZ-BT10-W x 1<br /></div>",,,,,,,2,0,1,CS-MB282CC2,,1,,152280,152280,,0,,,,,,,,,,,,,,,,,"200210,210275",
500464,,,,,,,,6,パナソニック,【パナソニック】 天井ビルトイン1方向タイプ 10畳程度 システムマルチ 室内ユニット,1,,"CS-MB282CC2-wood｜【パナソニック ハウジングエアコン】 天井ビルトイン1方向タイプ 10畳程度 システムマルチ室内ユニット 単相200V ワイヤレス｜販売価格:173,502｜「東京空調センター」では、ハウジングエアコンを驚きの価格でご提供いたします。日本全国送料無料です。",【パナソニック ハウジングエアコン】<br>天井ビルトイン1方向タイプ 10畳程度<br>システムマルチ室内ユニット 単相200V ワイヤレス,CS-MB282CC2-wood,木目調,,,"<img src=""http://www.tokyo-aircon.net/images/ind_aircon/ind-t200.png""><img src=""http://www.tokyo-aircon.net/images/ind_aircon/ind-wireless.png"">",panasonic_housing/201403/cs-mb282cc2-wood.jpg,"【パナソニック ハウジングエアコン】<br>天井ビルトイン1方向タイプ 10畳程度<br>システムマルチ室内ユニット 単相200V ワイヤレス<br /><img src=""http://www.tokyo-aircon.net/images/ind_aircon/ind-t2002.png""><img src=""http://www.tokyo-aircon.net/images/ind_aircon/ind-wireless2.png"">",panasonic_housing/201403/cs-mb282cc2-wood.jpg,,,"<ul><li><font style=""color:red;"">※パネルタイプをお選び下さい</font></li><li><font style=""color: red;"">※パネル・リモコンを含んだ金額になります</font></li><li>※全国送料無料（一部地域を除く）</li><li>※メーカー1年保証付き</li></ul>",,/housing-in-ng.jpg,,,,panasonic_housing/201403/sub/rc1.jpg,,,,panasonic_housing/201403/sub/panel4.jpg,,"<div class=""set"">▼セット内容<br />室内機：CS-MB282CC2 x 1<br />リモコン：同梱リモコン x 1<br />パネル：CZ-BT11-M x 1<br /></div>",,,,,,,2,0,1,CS-MB282CC2-wood,,1,,165240,165240,,0,,,,,,,,,,,,,,,,,"200210,210275",
500465,,,,,,,,6,パナソニック,【パナソニック】 天井ビルトイン1方向タイプ 12畳程度 システムマルチ 室内ユニット,1,,"CS-MB362CC2｜【パナソニック ハウジングエアコン】 天井ビルトイン1方向タイプ 12畳程度 システムマルチ室内ユニット 単相200V ワイヤレス｜販売価格:189,378｜「東京空調センター」では、ハウジングエアコンを驚きの価格でご提供いたします。日本全国送料無料です。",【パナソニック ハウジングエアコン】<br>天井ビルトイン1方向タイプ 12畳程度<br>システムマルチ室内ユニット 単相200V ワイヤレス,CS-MB362CC2,"ホワイト,ライトブラウン",,,"<img src=""http://www.tokyo-aircon.net/images/ind_aircon/ind-t200.png""><img src=""http://www.tokyo-aircon.net/images/ind_aircon/ind-wireless.png"">",panasonic_housing/201403/cs-mb362cc2.jpg,"【パナソニック ハウジングエアコン】<br>天井ビルトイン1方向タイプ 12畳程度<br>システムマルチ室内ユニット 単相200V ワイヤレス<br /><img src=""http://www.tokyo-aircon.net/images/ind_aircon/ind-t2002.png""><img src=""http://www.tokyo-aircon.net/images/ind_aircon/ind-wireless2.png"">",panasonic_housing/201403/cs-mb362cc2.jpg,,,"<ul><li><font style=""color:red;"">※パネルタイプをお選び下さい</font></li><li><font style=""color: red;"">※パネル・リモコンを含んだ金額になります</font></li><li>※全国送料無料（一部地域を除く）</li><li>※メーカー1年保証付き</li></ul>",,/housing-in-ng.jpg,,,,panasonic_housing/201403/sub/rc1.jpg,,,,panasonic_housing/201403/sub/panel3.jpg,,"<div class=""set"">▼セット内容<br />室内機：CS-MB362CC2 x 1<br />リモコン：同梱リモコン x 1<br />パネル：CZ-BT10-W x 1<br /></div>",,,,,,,2,0,1,CS-MB362CC2,,1,,180360,180360,,0,,,,,,,,,,,,,,,,,"200210,210276",
500466,,,,,,,,6,パナソニック,【パナソニック】 天井ビルトイン1方向タイプ 12畳程度 システムマルチ 室内ユニット,1,,"CS-MB362CC2-wood｜【パナソニック ハウジングエアコン】 天井ビルトイン1方向タイプ 12畳程度 システムマルチ室内ユニット 単相200V ワイヤレス｜販売価格:202,986｜「東京空調センター」では、ハウジングエアコンを驚きの価格でご提供いたします。日本全国送料無料です。",【パナソニック ハウジングエアコン】<br>天井ビルトイン1方向タイプ 12畳程度<br>システムマルチ室内ユニット 単相200V ワイヤレス,CS-MB362CC2-wood,木目調,,,"<img src=""http://www.tokyo-aircon.net/images/ind_aircon/ind-t200.png""><img src=""http://www.tokyo-aircon.net/images/ind_aircon/ind-wireless.png"">",panasonic_housing/201403/cs-mb362cc2-wood.jpg,"【パナソニック ハウジングエアコン】<br>天井ビルトイン1方向タイプ 12畳程度<br>システムマルチ室内ユニット 単相200V ワイヤレス<br /><img src=""http://www.tokyo-aircon.net/images/ind_aircon/ind-t2002.png""><img src=""http://www.tokyo-aircon.net/images/ind_aircon/ind-wireless2.png"">",panasonic_housing/201403/cs-mb362cc2-wood.jpg,,,"<ul><li><font style=""color:red;"">※パネルタイプをお選び下さい</font></li><li><font style=""color: red;"">※パネル・リモコンを含んだ金額になります</font></li><li>※全国送料無料（一部地域を除く）</li><li>※メーカー1年保証付き</li></ul>",,/housing-in-ng.jpg,,,,panasonic_housing/201403/sub/rc1.jpg,,,,panasonic_housing/201403/sub/panel4.jpg,,"<div class=""set"">▼セット内容<br />室内機：CS-MB362CC2 x 1<br />リモコン：同梱リモコン x 1<br />パネル：CZ-BT11-M x 1<br /></div>",,,,,,,2,0,1,CS-MB362CC2-wood,,1,,193320,193320,,0,,,,,,,,,,,,,,,,,"200210,210276",
500467,,,,,,,,6,パナソニック,【パナソニック】 天井ビルトイン1方向タイプ 14畳程度 システムマルチ 室内ユニット,1,,"CS-MB402CC2｜【パナソニック ハウジングエアコン】 天井ビルトイン1方向タイプ 14畳程度 システムマルチ室内ユニット 単相200V ワイヤレス｜販売価格:212,058｜「東京空調センター」では、ハウジングエアコンを驚きの価格でご提供いたします。日本全国送料無料です。",【パナソニック ハウジングエアコン】<br>天井ビルトイン1方向タイプ 14畳程度<br>システムマルチ室内ユニット 単相200V ワイヤレス,CS-MB402CC2,"ホワイト,ライトブラウン",,,"<img src=""http://www.tokyo-aircon.net/images/ind_aircon/ind-t200.png""><img src=""http://www.tokyo-aircon.net/images/ind_aircon/ind-wireless.png"">",panasonic_housing/201403/cs-mb402cc2.jpg,"【パナソニック ハウジングエアコン】<br>天井ビルトイン1方向タイプ 14畳程度<br>システムマルチ室内ユニット 単相200V ワイヤレス<br /><img src=""http://www.tokyo-aircon.net/images/ind_aircon/ind-t2002.png""><img src=""http://www.tokyo-aircon.net/images/ind_aircon/ind-wireless2.png"">",panasonic_housing/201403/cs-mb402cc2.jpg,,,"<ul><li><font style=""color:red;"">※パネルタイプをお選び下さい</font></li><li><font style=""color: red;"">※パネル・リモコンを含んだ金額になります</font></li><li>※全国送料無料（一部地域を除く）</li><li>※メーカー1年保証付き</li></ul>",,/housing-in-ng.jpg,,,,panasonic_housing/201403/sub/rc1.jpg,,,,panasonic_housing/201403/sub/panel3.jpg,,"<div class=""set"">▼セット内容<br />室内機：CS-MB402CC2 x 1<br />リモコン：同梱リモコン x 1<br />パネル：CZ-BT10-W x 1<br /></div>",,,,,,,2,0,1,CS-MB402CC2,,1,,201960,201960,,0,,,,,,,,,,,,,,,,,"200210,210277",
500468,,,,,,,,6,パナソニック,【パナソニック】 天井ビルトイン1方向タイプ 14畳程度 システムマルチ 室内ユニット,1,,"CS-MB402CC2-wood｜【パナソニック ハウジングエアコン】 天井ビルトイン1方向タイプ 14畳程度 システムマルチ室内ユニット 単相200V ワイヤレス｜販売価格:225,666｜「東京空調センター」では、ハウジングエアコンを驚きの価格でご提供いたします。日本全国送料無料です。",【パナソニック ハウジングエアコン】<br>天井ビルトイン1方向タイプ 14畳程度<br>システムマルチ室内ユニット 単相200V ワイヤレス,CS-MB402CC2-wood,木目調,,,"<img src=""http://www.tokyo-aircon.net/images/ind_aircon/ind-t200.png""><img src=""http://www.tokyo-aircon.net/images/ind_aircon/ind-wireless.png"">",panasonic_housing/201403/cs-mb402cc2-wood.jpg,"【パナソニック ハウジングエアコン】<br>天井ビルトイン1方向タイプ 14畳程度<br>システムマルチ室内ユニット 単相200V ワイヤレス<br /><img src=""http://www.tokyo-aircon.net/images/ind_aircon/ind-t2002.png""><img src=""http://www.tokyo-aircon.net/images/ind_aircon/ind-wireless2.png"">",panasonic_housing/201403/cs-mb402cc2-wood.jpg,,,"<ul><li><font style=""color:red;"">※パネルタイプをお選び下さい</font></li><li><font style=""color: red;"">※パネル・リモコンを含んだ金額になります</font></li><li>※全国送料無料（一部地域を除く）</li><li>※メーカー1年保証付き</li></ul>",,/housing-in-ng.jpg,,,,panasonic_housing/201403/sub/rc1.jpg,,,,panasonic_housing/201403/sub/panel4.jpg,,"<div class=""set"">▼セット内容<br />室内機：CS-MB402CC2 x 1<br />リモコン：同梱リモコン x 1<br />パネル：CZ-BT11-M x 1<br /></div>",,,,,,,2,0,1,CS-MB402CC2-wood,,1,,214920,214920,,0,,,,,,,,,,,,,,,,,"200210,210277",
500469,,,,,,,,6,パナソニック,【パナソニック】 天井ビルトイン2方向タイプ 14畳程度 システムマルチ 室内ユニット,1,,"CS-MB402CW2｜【パナソニック ハウジングエアコン】 天井ビルトイン2方向タイプ 14畳程度 システムマルチ室内ユニット 単相200V ワイヤレス｜販売価格:289,170｜「東京空調センター」では、ハウジングエアコンを驚きの価格でご提供いたします。日本全国送料無料です。",【パナソニック ハウジングエアコン】<br>天井ビルトイン2方向タイプ 14畳程度<br>システムマルチ室内ユニット 単相200V ワイヤレス,CS-MB402CW2,"ホワイト,ライトブラウン",,,"<img src=""http://www.tokyo-aircon.net/images/ind_aircon/ind-t200.png""><img src=""http://www.tokyo-aircon.net/images/ind_aircon/ind-wireless.png"">",panasonic_housing/201403/cs-mb402cw2.jpg,"【パナソニック ハウジングエアコン】<br>天井ビルトイン2方向タイプ 14畳程度<br>システムマルチ室内ユニット 単相200V ワイヤレス<br /><img src=""http://www.tokyo-aircon.net/images/ind_aircon/ind-t2002.png""><img src=""http://www.tokyo-aircon.net/images/ind_aircon/ind-wireless2.png"">",panasonic_housing/201403/cs-mb402cw2.jpg,,,"<ul><li><font style=""color:red;"">※パネルタイプをお選び下さい</font></li><li><font style=""color: red;"">※パネル・リモコンを含んだ金額になります</font></li><li>※全国送料無料（一部地域を除く）</li><li>※メーカー1年保証付き</li></ul>",,/housing-in-ng.jpg,,,,panasonic_housing/201403/sub/rc2.jpg,,,,panasonic_housing/201403/sub/panel7.jpg,,"<div class=""set"">▼セット内容<br />室内機：CS-MB402CW2 x 1<br />リモコン：同梱リモコン x 1<br />パネル：CZ-BT15P-W x 1<br /></div>",,,,,,,2,0,1,CS-MB402CW2,,1,,275400,275400,,0,,,,,,,,,,,,,,,,,"200211,210307",
500470,,,,,,,,6,パナソニック,【パナソニック】 天井ビルトイン2方向タイプ 16畳程度 システムマルチ 室内ユニット,1,,"CS-MB502CW2｜【パナソニック ハウジングエアコン】 天井ビルトイン2方向タイプ 16畳程度 システムマルチ室内ユニット 単相200V ワイヤレス｜販売価格:323,190｜「東京空調センター」では、ハウジングエアコンを驚きの価格でご提供いたします。日本全国送料無料です。",【パナソニック ハウジングエアコン】<br>天井ビルトイン2方向タイプ 16畳程度<br>システムマルチ室内ユニット 単相200V ワイヤレス,CS-MB502CW2,"ホワイト,ライトブラウン",,,"<img src=""http://www.tokyo-aircon.net/images/ind_aircon/ind-t200.png""><img src=""http://www.tokyo-aircon.net/images/ind_aircon/ind-wireless.png"">",panasonic_housing/201403/cs-mb502cw2.jpg,"【パナソニック ハウジングエアコン】<br>天井ビルトイン2方向タイプ 16畳程度<br>システムマルチ室内ユニット 単相200V ワイヤレス<br /><img src=""http://www.tokyo-aircon.net/images/ind_aircon/ind-t2002.png""><img src=""http://www.tokyo-aircon.net/images/ind_aircon/ind-wireless2.png"">",panasonic_housing/201403/cs-mb502cw2.jpg,,,"<ul><li><font style=""color:red;"">※パネルタイプをお選び下さい</font></li><li><font style=""color: red;"">※パネル・リモコンを含んだ金額になります</font></li><li>※全国送料無料（一部地域を除く）</li><li>※メーカー1年保証付き</li></ul>",,/housing-in-ng.jpg,,,,panasonic_housing/201403/sub/rc2.jpg,,,,panasonic_housing/201403/sub/panel7.jpg,,"<div class=""set"">▼セット内容<br />室内機：CS-MB502CW2 x 1<br />リモコン：同梱リモコン x 1<br />パネル：CZ-BT15P-W x 1<br /></div>",,,,,,,2,0,1,CS-MB502CW2,,1,,307800,307800,,0,,,,,,,,,,,,,,,,,"200211,210310",
500471,,,,,,,,6,パナソニック,【パナソニック】 壁ビルトイン  システムマルチ 室内ユニット,1,,"CS-MB222CK2｜【パナソニック ハウジングエアコン】 壁ビルトイン  システムマルチ室内ユニット 単相200V ワイヤレス｜販売価格:158,760｜「東京空調センター」では、ハウジングエアコンを驚きの価格でご提供いたします。日本全国送料無料です。",【パナソニック ハウジングエアコン】<br>壁ビルトイン <br>システムマルチ室内ユニット 単相200V ワイヤレス,CS-MB222CK2,和風グリル,,,"<img src=""http://www.tokyo-aircon.net/images/ind_aircon/ind-t200.png""><img src=""http://www.tokyo-aircon.net/images/ind_aircon/ind-wireless.png"">",panasonic_housing/201403/cs-mb222ck2.jpg,"【パナソニック ハウジングエアコン】<br>壁ビルトイン <br>システムマルチ室内ユニット 単相200V ワイヤレス<br /><img src=""http://www.tokyo-aircon.net/images/ind_aircon/ind-t2002.png""><img src=""http://www.tokyo-aircon.net/images/ind_aircon/ind-wireless2.png"">",panasonic_housing/201403/cs-mb222ck2.jpg,,,"<ul><li><font style=""color:red;"">※パネルタイプをお選び下さい</font></li><li><font style=""color: red;"">※パネル・リモコンを含んだ金額になります</font></li><li>※全国送料無料（一部地域を除く）</li><li>※メーカー1年保証付き</li></ul>",,/housing-in-ng.jpg,,,,panasonic_housing/201403/sub/rc1.jpg,,,,panasonic_housing/201403/sub/panel8.jpg,,"<div class=""set"">▼セット内容<br />室内機：CS-MB222CK2 x 1<br />リモコン：同梱リモコン x 1<br />前面グリル：CZ-BKG12 x 1<br /></div>",,,,,,,2,0,1,CS-MB222CK2,,1,,151200,151200,,0,,,,,,,,,,,,,,,,,"200213,210363",
500472,,,,,,,,6,パナソニック,【パナソニック】 壁ビルトイン 10畳程度 システムマルチ 室内ユニット,1,,"CS-MB282CK2｜【パナソニック ハウジングエアコン】 壁ビルトイン 10畳程度 システムマルチ室内ユニット 単相200V ワイヤレス｜販売価格:170,100｜「東京空調センター」では、ハウジングエアコンを驚きの価格でご提供いたします。日本全国送料無料です。",【パナソニック ハウジングエアコン】<br>壁ビルトイン 10畳程度<br>システムマルチ室内ユニット 単相200V ワイヤレス,CS-MB282CK2,和風グリル,,,"<img src=""http://www.tokyo-aircon.net/images/ind_aircon/ind-t200.png""><img src=""http://www.tokyo-aircon.net/images/ind_aircon/ind-wireless.png"">",panasonic_housing/201403/cs-mb282ck2.jpg,"【パナソニック ハウジングエアコン】<br>壁ビルトイン 10畳程度<br>システムマルチ室内ユニット 単相200V ワイヤレス<br /><img src=""http://www.tokyo-aircon.net/images/ind_aircon/ind-t2002.png""><img src=""http://www.tokyo-aircon.net/images/ind_aircon/ind-wireless2.png"">",panasonic_housing/201403/cs-mb282ck2.jpg,,,"<ul><li><font style=""color:red;"">※パネルタイプをお選び下さい</font></li><li><font style=""color: red;"">※パネル・リモコンを含んだ金額になります</font></li><li>※全国送料無料（一部地域を除く）</li><li>※メーカー1年保証付き</li></ul>",,/housing-in-ng.jpg,,,,panasonic_housing/201403/sub/rc1.jpg,,,,panasonic_housing/201403/sub/panel8.jpg,,"<div class=""set"">▼セット内容<br />室内機：CS-MB282CK2 x 1<br />リモコン：同梱リモコン x 1<br />前面グリル：CZ-BKG12 x 1<br /></div>",,,,,,,2,0,1,CS-MB282CK2,,1,,162000,162000,,0,,,,,,,,,,,,,,,,,"200213,210365",
500473,,,,,,,,6,パナソニック,【パナソニック】 壁ビルトイン 12畳程度 システムマルチ 室内ユニット,1,,"CS-MB362CK2｜【パナソニック ハウジングエアコン】 壁ビルトイン 12畳程度 システムマルチ室内ユニット 単相200V ワイヤレス｜販売価格:191,646｜「東京空調センター」では、ハウジングエアコンを驚きの価格でご提供いたします。日本全国送料無料です。",【パナソニック ハウジングエアコン】<br>壁ビルトイン 12畳程度<br>システムマルチ室内ユニット 単相200V ワイヤレス,CS-MB362CK2,和風グリル,,,"<img src=""http://www.tokyo-aircon.net/images/ind_aircon/ind-t200.png""><img src=""http://www.tokyo-aircon.net/images/ind_aircon/ind-wireless.png"">",panasonic_housing/201403/cs-mb362ck2.jpg,"【パナソニック ハウジングエアコン】<br>壁ビルトイン 12畳程度<br>システムマルチ室内ユニット 単相200V ワイヤレス<br /><img src=""http://www.tokyo-aircon.net/images/ind_aircon/ind-t2002.png""><img src=""http://www.tokyo-aircon.net/images/ind_aircon/ind-wireless2.png"">",panasonic_housing/201403/cs-mb362ck2.jpg,,,"<ul><li><font style=""color:red;"">※パネルタイプをお選び下さい</font></li><li><font style=""color: red;"">※パネル・リモコンを含んだ金額になります</font></li><li>※全国送料無料（一部地域を除く）</li><li>※メーカー1年保証付き</li></ul>",,/housing-in-ng.jpg,,,,panasonic_housing/201403/sub/rc1.jpg,,,,panasonic_housing/201403/sub/panel8.jpg,,"<div class=""set"">▼セット内容<br />室内機：CS-MB362CK2 x 1<br />リモコン：同梱リモコン x 1<br />前面グリル：CZ-BKG12 x 1<br /></div>",,,,,,,2,0,1,CS-MB362CK2,,1,,182520,182520,,0,,,,,,,,,,,,,,,,,"200213,210366",
500474,,,,,,,,6,パナソニック,【パナソニック】 壁ビルトイン 14畳程度 システムマルチ 室内ユニット,1,,"CS-MB402CK2｜【パナソニック ハウジングエアコン】 壁ビルトイン 14畳程度 システムマルチ室内ユニット 単相200V ワイヤレス｜販売価格:215,460｜「東京空調センター」では、ハウジングエアコンを驚きの価格でご提供いたします。日本全国送料無料です。",【パナソニック ハウジングエアコン】<br>壁ビルトイン 14畳程度<br>システムマルチ室内ユニット 単相200V ワイヤレス,CS-MB402CK2,和風グリル,,,"<img src=""http://www.tokyo-aircon.net/images/ind_aircon/ind-t200.png""><img src=""http://www.tokyo-aircon.net/images/ind_aircon/ind-wireless.png"">",panasonic_housing/201403/cs-mb402ck2.jpg,"【パナソニック ハウジングエアコン】<br>壁ビルトイン 14畳程度<br>システムマルチ室内ユニット 単相200V ワイヤレス<br /><img src=""http://www.tokyo-aircon.net/images/ind_aircon/ind-t2002.png""><img src=""http://www.tokyo-aircon.net/images/ind_aircon/ind-wireless2.png"">",panasonic_housing/201403/cs-mb402ck2.jpg,,,"<ul><li><font style=""color:red;"">※パネルタイプをお選び下さい</font></li><li><font style=""color: red;"">※パネル・リモコンを含んだ金額になります</font></li><li>※全国送料無料（一部地域を除く）</li><li>※メーカー1年保証付き</li></ul>",,/housing-in-ng.jpg,,,,panasonic_housing/201403/sub/rc1.jpg,,,,panasonic_housing/201403/sub/panel8.jpg,,"<div class=""set"">▼セット内容<br />室内機：CS-MB402CK2 x 1<br />リモコン：同梱リモコン x 1<br />前面グリル：CZ-BKG12 x 1<br /></div>",,,,,,,2,0,1,CS-MB402CK2,,1,,205200,205200,,0,,,,,,,,,,,,,,,,,"200213,210367",
500475,,,,,,,,6,パナソニック,【パナソニック】 フリービルトイン 10畳程度 システムマルチ 室内ユニット,1,,"CS-MB282CA2｜【パナソニック ハウジングエアコン】 フリービルトイン 10畳程度 システムマルチ室内ユニット 単相200V ワイヤレス｜販売価格:136,080｜「東京空調センター」では、ハウジングエアコンを驚きの価格でご提供いたします。日本全国送料無料です。",【パナソニック ハウジングエアコン】<br>フリービルトイン 10畳程度<br>システムマルチ室内ユニット 単相200V ワイヤレス,CS-MB282CA2,,,,"<img src=""http://www.tokyo-aircon.net/images/ind_aircon/ind-t200.png""><img src=""http://www.tokyo-aircon.net/images/ind_aircon/ind-wireless.png"">",panasonic_housing/201403/cs-mb282ca2.jpg,"【パナソニック ハウジングエアコン】<br>フリービルトイン 10畳程度<br>システムマルチ室内ユニット 単相200V ワイヤレス<br /><img src=""http://www.tokyo-aircon.net/images/ind_aircon/ind-t2002.png""><img src=""http://www.tokyo-aircon.net/images/ind_aircon/ind-wireless2.png"">",panasonic_housing/201403/cs-mb282ca2.jpg,,,"<ul><li><font style=""color: red;"">※リモコンを含んだ金額になります</font></li><li>※全国送料無料（一部地域を除く）</li><li>※メーカー1年保証付き</li></ul>",,/housing-in-ng.jpg,,,,panasonic_housing/201403/sub/rc1.jpg,,,,,,"<div class=""set"">▼セット内容<br />室内機：CS-MB282CA2 x 1<br />リモコン：同梱リモコン x 1<br /></div>",,,,,,,2,0,1,CS-MB282CA2,,1,,129600,129600,,0,,,,,,,,,,,,,,,,,"200214,210395",
500476,,,,,,,,6,パナソニック,【パナソニック】 フリービルトイン 14畳程度 システムマルチ 室内ユニット,1,,"CS-MB402CA2｜【パナソニック ハウジングエアコン】 フリービルトイン 14畳程度 システムマルチ室内ユニット 単相200V ワイヤレス｜販売価格:192,780｜「東京空調センター」では、ハウジングエアコンを驚きの価格でご提供いたします。日本全国送料無料です。",【パナソニック ハウジングエアコン】<br>フリービルトイン 14畳程度<br>システムマルチ室内ユニット 単相200V ワイヤレス,CS-MB402CA2,,,,"<img src=""http://www.tokyo-aircon.net/images/ind_aircon/ind-t200.png""><img src=""http://www.tokyo-aircon.net/images/ind_aircon/ind-wireless.png"">",panasonic_housing/201403/cs-mb402ca2.jpg,"【パナソニック ハウジングエアコン】<br>フリービルトイン 14畳程度<br>システムマルチ室内ユニット 単相200V ワイヤレス<br /><img src=""http://www.tokyo-aircon.net/images/ind_aircon/ind-t2002.png""><img src=""http://www.tokyo-aircon.net/images/ind_aircon/ind-wireless2.png"">",panasonic_housing/201403/cs-mb402ca2.jpg,,,"<ul><li><font style=""color: red;"">※リモコンを含んだ金額になります</font></li><li>※全国送料無料（一部地域を除く）</li><li>※メーカー1年保証付き</li></ul>",,/housing-in-ng.jpg,,,,panasonic_housing/201403/sub/rc1.jpg,,,,,,"<div class=""set"">▼セット内容<br />室内機：CS-MB402CA2 x 1<br />リモコン：同梱リモコン x 1<br /></div>",,,,,,,2,0,1,CS-MB402CA2,,1,,183600,183600,,0,,,,,,,,,,,,,,,,,"200214,210397",
500477,,,,,,,,6,パナソニック,【パナソニック】 壁掛け型スタンダードタイプ  システムマルチ 室内ユニット,1,,"CS-M222C2-W｜【パナソニック ハウジングエアコン】 壁掛け型スタンダードタイプ  システムマルチ室内ユニット 単相200V ワイヤレス｜販売価格:73,710｜「東京空調センター」では、ハウジングエアコンを驚きの価格でご提供いたします。日本全国送料無料です。",【パナソニック ハウジングエアコン】<br>壁掛け型スタンダードタイプ <br>システムマルチ室内ユニット 単相200V ワイヤレス,CS-M222C2-W,,,,"<img src=""http://www.tokyo-aircon.net/images/ind_aircon/ind-t200.png""><img src=""http://www.tokyo-aircon.net/images/ind_aircon/ind-wireless.png"">",panasonic_housing/201403/cs-m222c2-w.jpg,"【パナソニック ハウジングエアコン】<br>壁掛け型スタンダードタイプ <br>システムマルチ室内ユニット 単相200V ワイヤレス<br /><img src=""http://www.tokyo-aircon.net/images/ind_aircon/ind-t2002.png""><img src=""http://www.tokyo-aircon.net/images/ind_aircon/ind-wireless2.png"">",panasonic_housing/201403/cs-m222c2-w.jpg,,,"<ul><li><font style=""color: red;"">※リモコンを含んだ金額になります</font></li><li>※全国送料無料（一部地域を除く）</li><li>※メーカー1年保証付き</li></ul>",,/housing-in-ng.jpg,,,,panasonic_housing/201403/sub/rc1.jpg,,,,,,"<div class=""set"">▼セット内容<br />室内機：CS-M222C2-W x 1<br />リモコン：同梱リモコン x 1<br /></div>",,,,,,,2,0,1,CS-M222C2-W,,1,,70200,70200,,0,,,,,,,,,,,,,,,,,"200212,210333",
500478,,,,,,,,6,パナソニック,【パナソニック】 壁掛け型スタンダードタイプ  システムマルチ 室内ユニット,1,,"CS-M222C2-C｜【パナソニック ハウジングエアコン】 壁掛け型スタンダードタイプ  システムマルチ室内ユニット 単相200V ワイヤレス｜販売価格:73,710｜「東京空調センター」では、ハウジングエアコンを驚きの価格でご提供いたします。日本全国送料無料です。",【パナソニック ハウジングエアコン】<br>壁掛け型スタンダードタイプ <br>システムマルチ室内ユニット 単相200V ワイヤレス,CS-M222C2-C,,,,"<img src=""http://www.tokyo-aircon.net/images/ind_aircon/ind-t200.png""><img src=""http://www.tokyo-aircon.net/images/ind_aircon/ind-wireless.png"">",panasonic_housing/201403/cs-m222c2-c.jpg,"【パナソニック ハウジングエアコン】<br>壁掛け型スタンダードタイプ <br>システムマルチ室内ユニット 単相200V ワイヤレス<br /><img src=""http://www.tokyo-aircon.net/images/ind_aircon/ind-t2002.png""><img src=""http://www.tokyo-aircon.net/images/ind_aircon/ind-wireless2.png"">",panasonic_housing/201403/cs-m222c2-c.jpg,,,"<ul><li><font style=""color: red;"">※リモコンを含んだ金額になります</font></li><li>※全国送料無料（一部地域を除く）</li><li>※メーカー1年保証付き</li></ul>",,/housing-in-ng.jpg,,,,panasonic_housing/201403/sub/rc1.jpg,,,,,,"<div class=""set"">▼セット内容<br />室内機：CS-M222C2-C x 1<br />リモコン：同梱リモコン x 1<br /></div>",,,,,,,2,0,1,CS-M222C2-C,,1,,70200,70200,,0,,,,,,,,,,,,,,,,,"200212,210333",
500479,,,,,,,,6,パナソニック,【パナソニック】 壁掛け型スタンダードタイプ システムマルチ 室内ユニット,1,,"CS-M252C2-W｜【パナソニック ハウジングエアコン】 壁掛け型スタンダードタイプ システムマルチ室内ユニット単相200V ワイヤレス｜販売価格:79,380｜「東京空調センター」では、ハウジングエアコンを驚きの価格でご提供いたします。日本全国送料無料です。",【パナソニック ハウジングエアコン】<br>壁掛け型スタンダードタイプ<br>システムマルチ室内ユニット単相200V ワイヤレス,CS-M252C2-W,,,,"<img src=""http://www.tokyo-aircon.net/images/ind_aircon/ind-t200.png""><img src=""http://www.tokyo-aircon.net/images/ind_aircon/ind-wireless.png"">",panasonic_housing/201403/cs-m252c2-w.jpg,"【パナソニック ハウジングエアコン】<br>壁掛け型スタンダードタイプ<br>システムマルチ室内ユニット単相200V ワイヤレス<br /><img src=""http://www.tokyo-aircon.net/images/ind_aircon/ind-t2002.png""><img src=""http://www.tokyo-aircon.net/images/ind_aircon/ind-wireless2.png"">",panasonic_housing/201403/cs-m252c2-w.jpg,,,"<ul><li><font style=""color: red;"">※リモコンを含んだ金額になります</font></li><li>※全国送料無料（一部地域を除く）</li><li>※メーカー1年保証付き</li></ul>",,/housing-in-ng.jpg,,,,panasonic_housing/201403/sub/rc1.jpg,,,,,,"<div class=""set"">▼セット内容<br />室内機：CS-M252C2-W x 1<br />リモコン：同梱リモコン x 1<br /></div>",,,,,,,2,0,1,CS-M252C2-W,,1,,75600,75600,,0,,,,,,,,,,,,,,,,,"200212,210334",
500480,,,,,,,,6,パナソニック,【パナソニック】 壁掛け型スタンダードタイプ システムマルチ 室内ユニット,1,,"CS-M252C2-C｜【パナソニック ハウジングエアコン】 壁掛け型スタンダードタイプ システムマルチ室内ユニット単相200V ワイヤレス｜販売価格:79,380｜「東京空調センター」では、ハウジングエアコンを驚きの価格でご提供いたします。日本全国送料無料です。",【パナソニック ハウジングエアコン】<br>壁掛け型スタンダードタイプ<br>システムマルチ室内ユニット単相200V ワイヤレス,CS-M252C2-C,,,,"<img src=""http://www.tokyo-aircon.net/images/ind_aircon/ind-t200.png""><img src=""http://www.tokyo-aircon.net/images/ind_aircon/ind-wireless.png"">",panasonic_housing/201403/cs-m252c2-c.jpg,"【パナソニック ハウジングエアコン】<br>壁掛け型スタンダードタイプ<br>システムマルチ室内ユニット単相200V ワイヤレス<br /><img src=""http://www.tokyo-aircon.net/images/ind_aircon/ind-t2002.png""><img src=""http://www.tokyo-aircon.net/images/ind_aircon/ind-wireless2.png"">",panasonic_housing/201403/cs-m252c2-c.jpg,,,"<ul><li><font style=""color: red;"">※リモコンを含んだ金額になります</font></li><li>※全国送料無料（一部地域を除く）</li><li>※メーカー1年保証付き</li></ul>",,/housing-in-ng.jpg,,,,panasonic_housing/201403/sub/rc1.jpg,,,,,,"<div class=""set"">▼セット内容<br />室内機：CS-M252C2-C x 1<br />リモコン：同梱リモコン x 1<br /></div>",,,,,,,2,0,1,CS-M252C2-C,,1,,75600,75600,,0,,,,,,,,,,,,,,,,,"200212,210334",
500481,,,,,,,,6,パナソニック,【パナソニック】 壁掛け型スタンダードタイプ 10畳程度 システムマルチ 室内ユニット,1,,"CS-M282C2-W｜【パナソニック ハウジングエアコン】 壁掛け型スタンダードタイプ 10畳程度 システムマルチ室内ユニット 単相200V ワイヤレス｜販売価格:85,050｜「東京空調センター」では、ハウジングエアコンを驚きの価格でご提供いたします。日本全国送料無料です。",【パナソニック ハウジングエアコン】<br>壁掛け型スタンダードタイプ 10畳程度<br>システムマルチ室内ユニット 単相200V ワイヤレス,CS-M282C2-W,,,,"<img src=""http://www.tokyo-aircon.net/images/ind_aircon/ind-t200.png""><img src=""http://www.tokyo-aircon.net/images/ind_aircon/ind-wireless.png"">",panasonic_housing/201403/cs-m282c2-w.jpg,"【パナソニック ハウジングエアコン】<br>壁掛け型スタンダードタイプ 10畳程度<br>システムマルチ室内ユニット 単相200V ワイヤレス<br /><img src=""http://www.tokyo-aircon.net/images/ind_aircon/ind-t2002.png""><img src=""http://www.tokyo-aircon.net/images/ind_aircon/ind-wireless2.png"">",panasonic_housing/201403/cs-m282c2-w.jpg,,,"<ul><li><font style=""color: red;"">※リモコンを含んだ金額になります</font></li><li>※全国送料無料（一部地域を除く）</li><li>※メーカー1年保証付き</li></ul>",,/housing-in-ng.jpg,,,,panasonic_housing/201403/sub/rc1.jpg,,,,,,"<div class=""set"">▼セット内容<br />室内機：CS-M282C2-W x 1<br />リモコン：同梱リモコン x 1<br /></div>",,,,,,,2,0,1,CS-M282C2-W,,1,,81000,81000,,0,,,,,,,,,,,,,,,,,"200212,210335",
500482,,,,,,,,6,パナソニック,【パナソニック】 壁掛け型スタンダードタイプ 10畳程度 システムマルチ 室内ユニット,1,,"CS-M282C2-C｜【パナソニック ハウジングエアコン】 壁掛け型スタンダードタイプ 10畳程度 システムマルチ室内ユニット 単相200V ワイヤレス｜販売価格:85,050｜「東京空調センター」では、ハウジングエアコンを驚きの価格でご提供いたします。日本全国送料無料です。",【パナソニック ハウジングエアコン】<br>壁掛け型スタンダードタイプ 10畳程度<br>システムマルチ室内ユニット 単相200V ワイヤレス,CS-M282C2-C,,,,"<img src=""http://www.tokyo-aircon.net/images/ind_aircon/ind-t200.png""><img src=""http://www.tokyo-aircon.net/images/ind_aircon/ind-wireless.png"">",panasonic_housing/201403/cs-m282c2-c.jpg,"【パナソニック ハウジングエアコン】<br>壁掛け型スタンダードタイプ 10畳程度<br>システムマルチ室内ユニット 単相200V ワイヤレス<br /><img src=""http://www.tokyo-aircon.net/images/ind_aircon/ind-t2002.png""><img src=""http://www.tokyo-aircon.net/images/ind_aircon/ind-wireless2.png"">",panasonic_housing/201403/cs-m282c2-c.jpg,,,"<ul><li><font style=""color: red;"">※リモコンを含んだ金額になります</font></li><li>※全国送料無料（一部地域を除く）</li><li>※メーカー1年保証付き</li></ul>",,/housing-in-ng.jpg,,,,panasonic_housing/201403/sub/rc1.jpg,,,,,,"<div class=""set"">▼セット内容<br />室内機：CS-M282C2-C x 1<br />リモコン：同梱リモコン x 1<br /></div>",,,,,,,2,0,1,CS-M282C2-C,,1,,81000,81000,,0,,,,,,,,,,,,,,,,,"200212,210335",
500483,,,,,,,,6,パナソニック,【パナソニック】 壁掛け型スタンダードタイプ 12畳程度 システムマルチ 室内ユニット,1,,"CS-M362C2-W｜【パナソニック ハウジングエアコン】 壁掛け型スタンダードタイプ 12畳程度 システムマルチ室内ユニット 単相200V ワイヤレス｜販売価格:124,740｜「東京空調センター」では、ハウジングエアコンを驚きの価格でご提供いたします。日本全国送料無料です。",【パナソニック ハウジングエアコン】<br>壁掛け型スタンダードタイプ 12畳程度<br>システムマルチ室内ユニット 単相200V ワイヤレス,CS-M362C2-W,,,,"<img src=""http://www.tokyo-aircon.net/images/ind_aircon/ind-t200.png""><img src=""http://www.tokyo-aircon.net/images/ind_aircon/ind-wireless.png"">",panasonic_housing/201403/cs-m362c2-w.jpg,"【パナソニック ハウジングエアコン】<br>壁掛け型スタンダードタイプ 12畳程度<br>システムマルチ室内ユニット 単相200V ワイヤレス<br /><img src=""http://www.tokyo-aircon.net/images/ind_aircon/ind-t2002.png""><img src=""http://www.tokyo-aircon.net/images/ind_aircon/ind-wireless2.png"">",panasonic_housing/201403/cs-m362c2-w.jpg,,,"<ul><li><font style=""color: red;"">※リモコンを含んだ金額になります</font></li><li>※全国送料無料（一部地域を除く）</li><li>※メーカー1年保証付き</li></ul>",,/housing-in-ng.jpg,,,,panasonic_housing/201403/sub/rc1.jpg,,,,,,"<div class=""set"">▼セット内容<br />室内機：CS-M362C2-W x 1<br />リモコン：同梱リモコン x 1<br /></div>",,,,,,,2,0,1,CS-M362C2-W,,1,,118800,118800,,0,,,,,,,,,,,,,,,,,"200212,210336",
500484,,,,,,,,6,パナソニック,【パナソニック】 壁掛け型スタンダードタイプ 12畳程度 システムマルチ 室内ユニット,1,,"CS-M362C2-C｜【パナソニック ハウジングエアコン】 壁掛け型スタンダードタイプ 12畳程度 システムマルチ室内ユニット 単相200V ワイヤレス｜販売価格:124,740｜「東京空調センター」では、ハウジングエアコンを驚きの価格でご提供いたします。日本全国送料無料です。",【パナソニック ハウジングエアコン】<br>壁掛け型スタンダードタイプ 12畳程度<br>システムマルチ室内ユニット 単相200V ワイヤレス,CS-M362C2-C,,,,"<img src=""http://www.tokyo-aircon.net/images/ind_aircon/ind-t200.png""><img src=""http://www.tokyo-aircon.net/images/ind_aircon/ind-wireless.png"">",panasonic_housing/201403/cs-m362c2-c.jpg,"【パナソニック ハウジングエアコン】<br>壁掛け型スタンダードタイプ 12畳程度<br>システムマルチ室内ユニット 単相200V ワイヤレス<br /><img src=""http://www.tokyo-aircon.net/images/ind_aircon/ind-t2002.png""><img src=""http://www.tokyo-aircon.net/images/ind_aircon/ind-wireless2.png"">",panasonic_housing/201403/cs-m362c2-c.jpg,,,"<ul><li><font style=""color: red;"">※リモコンを含んだ金額になります</font></li><li>※全国送料無料（一部地域を除く）</li><li>※メーカー1年保証付き</li></ul>",,/housing-in-ng.jpg,,,,panasonic_housing/201403/sub/rc1.jpg,,,,,,"<div class=""set"">▼セット内容<br />室内機：CS-M362C2-C x 1<br />リモコン：同梱リモコン x 1<br /></div>",,,,,,,2,0,1,CS-M362C2-C,,1,,118800,118800,,0,,,,,,,,,,,,,,,,,"200212,210336",
500485,,,,,,,,6,パナソニック,【パナソニック】 壁掛け型スタンダードタイプ 14畳程度 システムマルチ 室内ユニット,1,,"CS-M402C2-W｜【パナソニック ハウジングエアコン】 壁掛け型スタンダードタイプ 14畳程度 システムマルチ室内ユニット 単相200V ワイヤレス｜販売価格:130,410｜「東京空調センター」では、ハウジングエアコンを驚きの価格でご提供いたします。日本全国送料無料です。",【パナソニック ハウジングエアコン】<br>壁掛け型スタンダードタイプ 14畳程度<br>システムマルチ室内ユニット 単相200V ワイヤレス,CS-M402C2-W,,,,"<img src=""http://www.tokyo-aircon.net/images/ind_aircon/ind-t200.png""><img src=""http://www.tokyo-aircon.net/images/ind_aircon/ind-wireless.png"">",panasonic_housing/201403/cs-m402c2-w.jpg,"【パナソニック ハウジングエアコン】<br>壁掛け型スタンダードタイプ 14畳程度<br>システムマルチ室内ユニット 単相200V ワイヤレス<br /><img src=""http://www.tokyo-aircon.net/images/ind_aircon/ind-t2002.png""><img src=""http://www.tokyo-aircon.net/images/ind_aircon/ind-wireless2.png"">",panasonic_housing/201403/cs-m402c2-w.jpg,,,"<ul><li><font style=""color: red;"">※リモコンを含んだ金額になります</font></li><li>※全国送料無料（一部地域を除く）</li><li>※メーカー1年保証付き</li></ul>",,/housing-in-ng.jpg,,,,panasonic_housing/201403/sub/rc1.jpg,,,,,,"<div class=""set"">▼セット内容<br />室内機：CS-M402C2-W x 1<br />リモコン：同梱リモコン x 1<br /></div>",,,,,,,2,0,1,CS-M402C2-W,,1,,124200,124200,,0,,,,,,,,,,,,,,,,,"200212,210337",
500486,,,,,,,,6,パナソニック,【パナソニック】 壁掛け型スタンダードタイプ 14畳程度 システムマルチ 室内ユニット,1,,"CS-M402C2-C｜【パナソニック ハウジングエアコン】 壁掛け型スタンダードタイプ 14畳程度 システムマルチ室内ユニット 単相200V ワイヤレス｜販売価格:130,410｜「東京空調センター」では、ハウジングエアコンを驚きの価格でご提供いたします。日本全国送料無料です。",【パナソニック ハウジングエアコン】<br>壁掛け型スタンダードタイプ 14畳程度<br>システムマルチ室内ユニット 単相200V ワイヤレス,CS-M402C2-C,,,,"<img src=""http://www.tokyo-aircon.net/images/ind_aircon/ind-t200.png""><img src=""http://www.tokyo-aircon.net/images/ind_aircon/ind-wireless.png"">",panasonic_housing/201403/cs-m402c2-c.jpg,"【パナソニック ハウジングエアコン】<br>壁掛け型スタンダードタイプ 14畳程度<br>システムマルチ室内ユニット 単相200V ワイヤレス<br /><img src=""http://www.tokyo-aircon.net/images/ind_aircon/ind-t2002.png""><img src=""http://www.tokyo-aircon.net/images/ind_aircon/ind-wireless2.png"">",panasonic_housing/201403/cs-m402c2-c.jpg,,,"<ul><li><font style=""color: red;"">※リモコンを含んだ金額になります</font></li><li>※全国送料無料（一部地域を除く）</li><li>※メーカー1年保証付き</li></ul>",,/housing-in-ng.jpg,,,,panasonic_housing/201403/sub/rc1.jpg,,,,,,"<div class=""set"">▼セット内容<br />室内機：CS-M402C2-C x 1<br />リモコン：同梱リモコン x 1<br /></div>",,,,,,,2,0,1,CS-M402C2-C,,1,,124200,124200,,0,,,,,,,,,,,,,,,,,"200212,210337",
500487,,,,,,,,6,パナソニック,【パナソニック】 壁掛け型スタンダードタイプ 16畳程度 システムマルチ 室内ユニット,1,,"CS-M502C2-W｜【パナソニック ハウジングエアコン】 壁掛け型スタンダードタイプ 16畳程度 システムマルチ室内ユニット 単相200V ワイヤレス｜販売価格:175,770｜「東京空調センター」では、ハウジングエアコンを驚きの価格でご提供いたします。日本全国送料無料です。",【パナソニック ハウジングエアコン】<br>壁掛け型スタンダードタイプ 16畳程度<br>システムマルチ室内ユニット 単相200V ワイヤレス,CS-M502C2-W,,,,"<img src=""http://www.tokyo-aircon.net/images/ind_aircon/ind-t200.png""><img src=""http://www.tokyo-aircon.net/images/ind_aircon/ind-wireless.png"">",panasonic_housing/201403/cs-m502c2-w.jpg,"【パナソニック ハウジングエアコン】<br>壁掛け型スタンダードタイプ 16畳程度<br>システムマルチ室内ユニット 単相200V ワイヤレス<br /><img src=""http://www.tokyo-aircon.net/images/ind_aircon/ind-t2002.png""><img src=""http://www.tokyo-aircon.net/images/ind_aircon/ind-wireless2.png"">",panasonic_housing/201403/cs-m502c2-w.jpg,,,"<ul><li><font style=""color: red;"">※リモコンを含んだ金額になります</font></li><li>※全国送料無料（一部地域を除く）</li><li>※メーカー1年保証付き</li></ul>",,/housing-in-ng.jpg,,,,panasonic_housing/201403/sub/rc1.jpg,,,,,,"<div class=""set"">▼セット内容<br />室内機：CS-M502C2-W x 1<br />リモコン：同梱リモコン x 1<br /></div>",,,,,,,2,0,1,CS-M502C2-W,,1,,167400,167400,,0,,,,,,,,,,,,,,,,,"200212,210340",
500488,,,,,,,,6,パナソニック,【パナソニック】 壁掛け型スタンダードタイプ 16畳程度 システムマルチ 室内ユニット,1,,"CS-M502C2-C｜【パナソニック ハウジングエアコン】 壁掛け型スタンダードタイプ 16畳程度 システムマルチ室内ユニット 単相200V ワイヤレス｜販売価格:175,770｜「東京空調センター」では、ハウジングエアコンを驚きの価格でご提供いたします。日本全国送料無料です。",【パナソニック ハウジングエアコン】<br>壁掛け型スタンダードタイプ 16畳程度<br>システムマルチ室内ユニット 単相200V ワイヤレス,CS-M502C2-C,,,,"<img src=""http://www.tokyo-aircon.net/images/ind_aircon/ind-t200.png""><img src=""http://www.tokyo-aircon.net/images/ind_aircon/ind-wireless.png"">",panasonic_housing/201403/cs-m502c2-c.jpg,"【パナソニック ハウジングエアコン】<br>壁掛け型スタンダードタイプ 16畳程度<br>システムマルチ室内ユニット 単相200V ワイヤレス<br /><img src=""http://www.tokyo-aircon.net/images/ind_aircon/ind-t2002.png""><img src=""http://www.tokyo-aircon.net/images/ind_aircon/ind-wireless2.png"">",panasonic_housing/201403/cs-m502c2-c.jpg,,,"<ul><li><font style=""color: red;"">※リモコンを含んだ金額になります</font></li><li>※全国送料無料（一部地域を除く）</li><li>※メーカー1年保証付き</li></ul>",,/housing-in-ng.jpg,,,,panasonic_housing/201403/sub/rc1.jpg,,,,,,"<div class=""set"">▼セット内容<br />室内機：CS-M502C2-C x 1<br />リモコン：同梱リモコン x 1<br /></div>",,,,,,,2,0,1,CS-M502C2-C,,1,,167400,167400,,0,,,,,,,,,,,,,,,,,"200212,210340",
500489,,,,,,,,6,パナソニック,【パナソニック】 床置き形 10畳程度 システムマルチ 室内ユニット,1,,"CS-M282CY2-W｜【パナソニック ハウジングエアコン】 床置き形 10畳程度 システムマルチ室内ユニット 単相200V ワイヤレス｜販売価格:158,760｜「東京空調センター」では、ハウジングエアコンを驚きの価格でご提供いたします。日本全国送料無料です。",【パナソニック ハウジングエアコン】<br>床置き形 10畳程度<br>システムマルチ室内ユニット 単相200V ワイヤレス,CS-M282CY2-W,,,,"<img src=""http://www.tokyo-aircon.net/images/ind_aircon/ind-t200.png""><img src=""http://www.tokyo-aircon.net/images/ind_aircon/ind-wireless.png"">",panasonic_housing/201403/cs-m282cy2-w.jpg,"【パナソニック ハウジングエアコン】<br>床置き形 10畳程度<br>システムマルチ室内ユニット 単相200V ワイヤレス<br /><img src=""http://www.tokyo-aircon.net/images/ind_aircon/ind-t2002.png""><img src=""http://www.tokyo-aircon.net/images/ind_aircon/ind-wireless2.png"">",panasonic_housing/201403/cs-m282cy2-w.jpg,,,"<ul><li><font style=""color: red;"">※パネル・リモコンを含んだ金額になります</font></li><li>※全国送料無料（一部地域を除く）</li><li>※メーカー1年保証付き</li></ul>",,/housing-in-ng.jpg,,,,panasonic_housing/201403/sub/rc1.jpg,,,,,,"<div class=""set"">▼セット内容<br />室内機：CS-M282CY2-W x 1<br />リモコン：同梱リモコン x 1<br /></div>",,,,,,,2,0,1,CS-M282CY2-W,,1,,151200,151200,,0,,,,,,,,,,,,,,,,,"200215,210425",
500490,,,,,,,,6,パナソニック,【パナソニック】 床置き形 10畳程度 システムマルチ 室内ユニット,1,,"CS-M282CY2-T｜【パナソニック ハウジングエアコン】 床置き形 10畳程度 システムマルチ室内ユニット 単相200V ワイヤレス｜販売価格:158,760｜「東京空調センター」では、ハウジングエアコンを驚きの価格でご提供いたします。日本全国送料無料です。",【パナソニック ハウジングエアコン】<br>床置き形 10畳程度<br>システムマルチ室内ユニット 単相200V ワイヤレス,CS-M282CY2-T,,,,"<img src=""http://www.tokyo-aircon.net/images/ind_aircon/ind-t200.png""><img src=""http://www.tokyo-aircon.net/images/ind_aircon/ind-wireless.png"">",panasonic_housing/201403/cs-m282cy2-t.jpg,"【パナソニック ハウジングエアコン】<br>床置き形 10畳程度<br>システムマルチ室内ユニット 単相200V ワイヤレス<br /><img src=""http://www.tokyo-aircon.net/images/ind_aircon/ind-t2002.png""><img src=""http://www.tokyo-aircon.net/images/ind_aircon/ind-wireless2.png"">",panasonic_housing/201403/cs-m282cy2-t.jpg,,,"<ul><li><font style=""color: red;"">※パネル・リモコンを含んだ金額になります</font></li><li>※全国送料無料（一部地域を除く）</li><li>※メーカー1年保証付き</li></ul>",,/housing-in-ng.jpg,,,,panasonic_housing/201403/sub/rc1.jpg,,,,,,"<div class=""set"">▼セット内容<br />室内機：CS-M282CY2-T x 1<br />リモコン：同梱リモコン x 1<br /></div>",,,,,,,2,0,1,CS-M282CY2-T,,1,,151200,151200,,0,,,,,,,,,,,,,,,,,"200215,210425",
500491,,,,,,,,6,パナソニック,【パナソニック】 床置き形 14畳程度 システムマルチ 室内ユニット,1,,"CS-M402CY2-W｜【パナソニック ハウジングエアコン】 床置き形 14畳程度 システムマルチ室内ユニット 単相200V ワイヤレス｜販売価格:187,110｜「東京空調センター」では、ハウジングエアコンを驚きの価格でご提供いたします。日本全国送料無料です。",【パナソニック ハウジングエアコン】<br>床置き形 14畳程度<br>システムマルチ室内ユニット 単相200V ワイヤレス,CS-M402CY2-W,,,,"<img src=""http://www.tokyo-aircon.net/images/ind_aircon/ind-t200.png""><img src=""http://www.tokyo-aircon.net/images/ind_aircon/ind-wireless.png"">",panasonic_housing/201403/cs-m402cy2-w.jpg,"【パナソニック ハウジングエアコン】<br>床置き形 14畳程度<br>システムマルチ室内ユニット 単相200V ワイヤレス<br /><img src=""http://www.tokyo-aircon.net/images/ind_aircon/ind-t2002.png""><img src=""http://www.tokyo-aircon.net/images/ind_aircon/ind-wireless2.png"">",panasonic_housing/201403/cs-m402cy2-w.jpg,,,"<ul><li><font style=""color: red;"">※パネル・リモコンを含んだ金額になります</font></li><li>※全国送料無料（一部地域を除く）</li><li>※メーカー1年保証付き</li></ul>",,/housing-in-ng.jpg,,,,panasonic_housing/201403/sub/rc1.jpg,,,,,,"<div class=""set"">▼セット内容<br />室内機：CS-M402CY2-W x 1<br />リモコン：同梱リモコン x 1<br /></div>",,,,,,,2,0,1,CS-M402CY2-W,,1,,178200,178200,,0,,,,,,,,,,,,,,,,,"200215,210427",
500492,,,,,,,,6,パナソニック,【パナソニック】 床置き形 14畳程度 システムマルチ 室内ユニット,1,,"CS-M402CY2-T｜【パナソニック ハウジングエアコン】 床置き形 14畳程度 システムマルチ室内ユニット 単相200V ワイヤレス｜販売価格:187,110｜「東京空調センター」では、ハウジングエアコンを驚きの価格でご提供いたします。日本全国送料無料です。",【パナソニック ハウジングエアコン】<br>床置き形 14畳程度<br>システムマルチ室内ユニット 単相200V ワイヤレス,CS-M402CY2-T,,,,"<img src=""http://www.tokyo-aircon.net/images/ind_aircon/ind-t200.png""><img src=""http://www.tokyo-aircon.net/images/ind_aircon/ind-wireless.png"">",panasonic_housing/201403/cs-m402cy2-t.jpg,"【パナソニック ハウジングエアコン】<br>床置き形 14畳程度<br>システムマルチ室内ユニット 単相200V ワイヤレス<br /><img src=""http://www.tokyo-aircon.net/images/ind_aircon/ind-t2002.png""><img src=""http://www.tokyo-aircon.net/images/ind_aircon/ind-wireless2.png"">",panasonic_housing/201403/cs-m402cy2-t.jpg,,,"<ul><li><font style=""color: red;"">※パネル・リモコンを含んだ金額になります</font></li><li>※全国送料無料（一部地域を除く）</li><li>※メーカー1年保証付き</li></ul>",,/housing-in-ng.jpg,,,,panasonic_housing/201403/sub/rc1.jpg,,,,,,"<div class=""set"">▼セット内容<br />室内機：CS-M402CY2-T x 1<br />リモコン：同梱リモコン x 1<br /></div>",,,,,,,2,0,1,CS-M402CY2-T,,1,,178200,178200,,0,,,,,,,,,,,,,,,,,"200215,210427",
